arquivo,ambiente,vm_id,timestamp,metrica,valor
benchmark_host_ibm-power9_20260706_223447.txt,host,host,20260706_223447,cpu_bogo_ops_s_real,5371.3
benchmark_host_ibm-power9_20260706_223447.txt,host,host,20260706_223447,cpu_bogo_ops_s_cpu,335.71
benchmark_host_ibm-power9_20260706_223447.txt,host,host,20260706_223447,mem_bogo_ops_s_real,548013.7
benchmark_host_ibm-power9_20260706_223447.txt,host,host,20260706_223447,mem_bogo_ops_s_cpu,68503.02
benchmark_host_ibm-power9_20260706_223447.txt,host,host,20260706_223447,cache_bogo_ops_s_real,4986.32
benchmark_host_ibm-power9_20260706_223447.txt,host,host,20260706_223447,cache_bogo_ops_s_cpu,314.04
benchmark_host_ibm-power9_20260706_223447.txt,host,host,20260706_223447,stream_copy_mbs,123589.1
benchmark_host_ibm-power9_20260706_223447.txt,host,host,20260706_223447,stream_scale_mbs,129513.2
benchmark_host_ibm-power9_20260706_223447.txt,host,host,20260706_223447,stream_add_mbs,129641.4
benchmark_host_ibm-power9_20260706_223447.txt,host,host,20260706_223447,stream_triad_mbs,131264.3
benchmark_host_ibm-power9_20260706_223447.txt,host,host,20260706_223447,disk_seqread_MiBs,512.0
benchmark_host_ibm-power9_20260706_223447.txt,host,host,20260706_223447,disk_seqwrite_MiBs,417.0
benchmark_host_ibm-power9_20260706_223447.txt,host,host,20260706_223447,disk_iops_randread,41800.0
benchmark_host_ibm-power9_20260706_223447.txt,host,host,20260706_223447,disk_iops_randwrite,17000.0
benchmark_host_ibm-power9_20260706_223447.txt,host,host,20260706_223447,disk_iops_qd1,1793.0
benchmark_host_ibm-power9_20260706_223447.txt,host,host,20260706_223447,disk_lat_avg_usec,547.68
benchmark_host_ibm-power9_20260706_223447.txt,host,host,20260706_223447,gpu_matrixmul_gflops,2785.178
benchmark_host_ibm-power9_20260706_223447.txt,host,host,20260706_223447,gpu_nccl_allreduce_busbw_gbs,19.5036
benchmark_host_ibm-power9_20260706_223447.txt,host,host,20260706_223447,gpu_nccl_allgather_busbw_gbs,18.1053
benchmark_host_ibm-power9_20260706_223447.txt,host,host,20260706_223447,gpu_nccl_sendrecv_busbw_gbs,9.49159
benchmark_host_ibm-power9_20260706_234528.txt,host,host,20260706_234528,cpu_bogo_ops_s_real,5372.37
benchmark_host_ibm-power9_20260706_234528.txt,host,host,20260706_234528,cpu_bogo_ops_s_cpu,335.77
benchmark_host_ibm-power9_20260706_234528.txt,host,host,20260706_234528,mem_bogo_ops_s_real,547618.12
benchmark_host_ibm-power9_20260706_234528.txt,host,host,20260706_234528,mem_bogo_ops_s_cpu,68453.65
benchmark_host_ibm-power9_20260706_234528.txt,host,host,20260706_234528,cache_bogo_ops_s_real,4994.89
benchmark_host_ibm-power9_20260706_234528.txt,host,host,20260706_234528,cache_bogo_ops_s_cpu,314.71
benchmark_host_ibm-power9_20260706_234528.txt,host,host,20260706_234528,stream_copy_mbs,114738.1
benchmark_host_ibm-power9_20260706_234528.txt,host,host,20260706_234528,stream_scale_mbs,130374.9
benchmark_host_ibm-power9_20260706_234528.txt,host,host,20260706_234528,stream_add_mbs,123735.3
benchmark_host_ibm-power9_20260706_234528.txt,host,host,20260706_234528,stream_triad_mbs,130462.6
benchmark_host_ibm-power9_20260706_234528.txt,host,host,20260706_234528,disk_seqread_MiBs,510.0
benchmark_host_ibm-power9_20260706_234528.txt,host,host,20260706_234528,disk_seqwrite_MiBs,449.0
benchmark_host_ibm-power9_20260706_234528.txt,host,host,20260706_234528,disk_iops_randread,40600.0
benchmark_host_ibm-power9_20260706_234528.txt,host,host,20260706_234528,disk_iops_randwrite,17500.0
benchmark_host_ibm-power9_20260706_234528.txt,host,host,20260706_234528,disk_iops_qd1,1033.0
benchmark_host_ibm-power9_20260706_234528.txt,host,host,20260706_234528,disk_lat_avg_usec,958.02
benchmark_host_ibm-power9_20260706_234528.txt,host,host,20260706_234528,gpu_matrixmul_gflops,2787.0
benchmark_host_ibm-power9_20260706_234528.txt,host,host,20260706_234528,gpu_nccl_allreduce_busbw_gbs,19.503
benchmark_host_ibm-power9_20260706_234528.txt,host,host,20260706_234528,gpu_nccl_allgather_busbw_gbs,18.1075
benchmark_host_ibm-power9_20260706_234528.txt,host,host,20260706_234528,gpu_nccl_sendrecv_busbw_gbs,9.42969
benchmark_host_ibm-power9_20260706_232203.txt,host,host,20260706_232203,cpu_bogo_ops_s_real,5372.12
benchmark_host_ibm-power9_20260706_232203.txt,host,host,20260706_232203,cpu_bogo_ops_s_cpu,335.76
benchmark_host_ibm-power9_20260706_232203.txt,host,host,20260706_232203,mem_bogo_ops_s_real,549058.33
benchmark_host_ibm-power9_20260706_232203.txt,host,host,20260706_232203,mem_bogo_ops_s_cpu,68633.78
benchmark_host_ibm-power9_20260706_232203.txt,host,host,20260706_232203,cache_bogo_ops_s_real,5043.38
benchmark_host_ibm-power9_20260706_232203.txt,host,host,20260706_232203,cache_bogo_ops_s_cpu,317.43
benchmark_host_ibm-power9_20260706_232203.txt,host,host,20260706_232203,stream_copy_mbs,112546.8
benchmark_host_ibm-power9_20260706_232203.txt,host,host,20260706_232203,stream_scale_mbs,130040.2
benchmark_host_ibm-power9_20260706_232203.txt,host,host,20260706_232203,stream_add_mbs,130727.3
benchmark_host_ibm-power9_20260706_232203.txt,host,host,20260706_232203,stream_triad_mbs,131388.5
benchmark_host_ibm-power9_20260706_232203.txt,host,host,20260706_232203,disk_seqread_MiBs,514.0
benchmark_host_ibm-power9_20260706_232203.txt,host,host,20260706_232203,disk_seqwrite_MiBs,439.0
benchmark_host_ibm-power9_20260706_232203.txt,host,host,20260706_232203,disk_iops_randread,37200.0
benchmark_host_ibm-power9_20260706_232203.txt,host,host,20260706_232203,disk_iops_randwrite,15000.0
benchmark_host_ibm-power9_20260706_232203.txt,host,host,20260706_232203,disk_iops_qd1,1393.0
benchmark_host_ibm-power9_20260706_232203.txt,host,host,20260706_232203,disk_lat_avg_usec,707.37
benchmark_host_ibm-power9_20260706_232203.txt,host,host,20260706_232203,gpu_matrixmul_gflops,3057.8120000000004
benchmark_host_ibm-power9_20260706_232203.txt,host,host,20260706_232203,gpu_nccl_allreduce_busbw_gbs,19.325
benchmark_host_ibm-power9_20260706_232203.txt,host,host,20260706_232203,gpu_nccl_allgather_busbw_gbs,18.118
benchmark_host_ibm-power9_20260706_232203.txt,host,host,20260706_232203,gpu_nccl_sendrecv_busbw_gbs,9.44535
benchmark_host_ibm-power9_20260707_003241.txt,host,host,20260707_003241,cpu_bogo_ops_s_real,5372.33
benchmark_host_ibm-power9_20260707_003241.txt,host,host,20260707_003241,cpu_bogo_ops_s_cpu,335.77
benchmark_host_ibm-power9_20260707_003241.txt,host,host,20260707_003241,mem_bogo_ops_s_real,549853.03
benchmark_host_ibm-power9_20260707_003241.txt,host,host,20260707_003241,mem_bogo_ops_s_cpu,68733.1
benchmark_host_ibm-power9_20260707_003241.txt,host,host,20260707_003241,cache_bogo_ops_s_real,4986.37
benchmark_host_ibm-power9_20260707_003241.txt,host,host,20260707_003241,cache_bogo_ops_s_cpu,314.08
benchmark_host_ibm-power9_20260707_003241.txt,host,host,20260707_003241,stream_copy_mbs,123611.8
benchmark_host_ibm-power9_20260707_003241.txt,host,host,20260707_003241,stream_scale_mbs,128165.1
benchmark_host_ibm-power9_20260707_003241.txt,host,host,20260707_003241,stream_add_mbs,130003.4
benchmark_host_ibm-power9_20260707_003241.txt,host,host,20260707_003241,stream_triad_mbs,131571.0
benchmark_host_ibm-power9_20260707_003241.txt,host,host,20260707_003241,disk_seqread_MiBs,514.0
benchmark_host_ibm-power9_20260707_003241.txt,host,host,20260707_003241,disk_seqwrite_MiBs,458.0
benchmark_host_ibm-power9_20260707_003241.txt,host,host,20260707_003241,disk_iops_randread,41000.0
benchmark_host_ibm-power9_20260707_003241.txt,host,host,20260707_003241,disk_iops_randwrite,17600.0
benchmark_host_ibm-power9_20260707_003241.txt,host,host,20260707_003241,disk_iops_qd1,1539.0
benchmark_host_ibm-power9_20260707_003241.txt,host,host,20260707_003241,disk_lat_avg_usec,639.45
benchmark_host_ibm-power9_20260707_003241.txt,host,host,20260707_003241,gpu_matrixmul_gflops,2971.31
benchmark_host_ibm-power9_20260707_003241.txt,host,host,20260707_003241,gpu_nccl_allreduce_busbw_gbs,19.6224
benchmark_host_ibm-power9_20260707_003241.txt,host,host,20260707_003241,gpu_nccl_allgather_busbw_gbs,18.116
benchmark_host_ibm-power9_20260707_003241.txt,host,host,20260707_003241,gpu_nccl_sendrecv_busbw_gbs,9.48732
benchmark_host_ibm-power9_20260706_224632.txt,host,host,20260706_224632,cpu_bogo_ops_s_real,5323.31
benchmark_host_ibm-power9_20260706_224632.txt,host,host,20260706_224632,cpu_bogo_ops_s_cpu,332.71
benchmark_host_ibm-power9_20260706_224632.txt,host,host,20260706_224632,mem_bogo_ops_s_real,551216.53
benchmark_host_ibm-power9_20260706_224632.txt,host,host,20260706_224632,mem_bogo_ops_s_cpu,68904.31
benchmark_host_ibm-power9_20260706_224632.txt,host,host,20260706_224632,cache_bogo_ops_s_real,5008.29
benchmark_host_ibm-power9_20260706_224632.txt,host,host,20260706_224632,cache_bogo_ops_s_cpu,315.34
benchmark_host_ibm-power9_20260706_224632.txt,host,host,20260706_224632,stream_copy_mbs,113585.0
benchmark_host_ibm-power9_20260706_224632.txt,host,host,20260706_224632,stream_scale_mbs,119357.7
benchmark_host_ibm-power9_20260706_224632.txt,host,host,20260706_224632,stream_add_mbs,126606.6
benchmark_host_ibm-power9_20260706_224632.txt,host,host,20260706_224632,stream_triad_mbs,130496.4
benchmark_host_ibm-power9_20260706_224632.txt,host,host,20260706_224632,disk_seqread_MiBs,512.0
benchmark_host_ibm-power9_20260706_224632.txt,host,host,20260706_224632,disk_seqwrite_MiBs,465.0
benchmark_host_ibm-power9_20260706_224632.txt,host,host,20260706_224632,disk_iops_randread,38500.0
benchmark_host_ibm-power9_20260706_224632.txt,host,host,20260706_224632,disk_iops_randwrite,16600.0
benchmark_host_ibm-power9_20260706_224632.txt,host,host,20260706_224632,disk_iops_qd1,1048.0
benchmark_host_ibm-power9_20260706_224632.txt,host,host,20260706_224632,disk_lat_avg_usec,944.16
benchmark_host_ibm-power9_20260706_224632.txt,host,host,20260706_224632,gpu_matrixmul_gflops,2781.268
benchmark_host_ibm-power9_20260706_224632.txt,host,host,20260706_224632,gpu_nccl_allreduce_busbw_gbs,19.2428
benchmark_host_ibm-power9_20260706_224632.txt,host,host,20260706_224632,gpu_nccl_allgather_busbw_gbs,18.1135
benchmark_host_ibm-power9_20260706_224632.txt,host,host,20260706_224632,gpu_nccl_sendrecv_busbw_gbs,9.47663
benchmark_host_ibm-power9_20260706_231006.txt,host,host,20260706_231006,cpu_bogo_ops_s_real,5372.36
benchmark_host_ibm-power9_20260706_231006.txt,host,host,20260706_231006,cpu_bogo_ops_s_cpu,335.77
benchmark_host_ibm-power9_20260706_231006.txt,host,host,20260706_231006,mem_bogo_ops_s_real,512862.66
benchmark_host_ibm-power9_20260706_231006.txt,host,host,20260706_231006,mem_bogo_ops_s_cpu,66053.38
benchmark_host_ibm-power9_20260706_231006.txt,host,host,20260706_231006,cache_bogo_ops_s_real,4963.69
benchmark_host_ibm-power9_20260706_231006.txt,host,host,20260706_231006,cache_bogo_ops_s_cpu,312.55
benchmark_host_ibm-power9_20260706_231006.txt,host,host,20260706_231006,stream_copy_mbs,123172.3
benchmark_host_ibm-power9_20260706_231006.txt,host,host,20260706_231006,stream_scale_mbs,120369.2
benchmark_host_ibm-power9_20260706_231006.txt,host,host,20260706_231006,stream_add_mbs,127958.4
benchmark_host_ibm-power9_20260706_231006.txt,host,host,20260706_231006,stream_triad_mbs,124465.8
benchmark_host_ibm-power9_20260706_231006.txt,host,host,20260706_231006,disk_seqread_MiBs,513.0
benchmark_host_ibm-power9_20260706_231006.txt,host,host,20260706_231006,disk_seqwrite_MiBs,457.0
benchmark_host_ibm-power9_20260706_231006.txt,host,host,20260706_231006,disk_iops_randread,22200.0
benchmark_host_ibm-power9_20260706_231006.txt,host,host,20260706_231006,disk_iops_randwrite,9543.0
benchmark_host_ibm-power9_20260706_231006.txt,host,host,20260706_231006,disk_iops_qd1,3210.0
benchmark_host_ibm-power9_20260706_231006.txt,host,host,20260706_231006,disk_lat_avg_usec,301.47
benchmark_host_ibm-power9_20260706_231006.txt,host,host,20260706_231006,gpu_matrixmul_gflops,2783.564
benchmark_host_ibm-power9_20260706_231006.txt,host,host,20260706_231006,gpu_nccl_allreduce_busbw_gbs,19.2046
benchmark_host_ibm-power9_20260706_231006.txt,host,host,20260706_231006,gpu_nccl_allgather_busbw_gbs,18.0614
benchmark_host_ibm-power9_20260706_231006.txt,host,host,20260706_231006,gpu_nccl_sendrecv_busbw_gbs,9.4002
benchmark_host_ibm-power9_20260706_221111.txt,host,host,20260706_221111,cpu_bogo_ops_s_real,5366.72
benchmark_host_ibm-power9_20260706_221111.txt,host,host,20260706_221111,cpu_bogo_ops_s_cpu,335.42
benchmark_host_ibm-power9_20260706_221111.txt,host,host,20260706_221111,mem_bogo_ops_s_real,544730.51
benchmark_host_ibm-power9_20260706_221111.txt,host,host,20260706_221111,mem_bogo_ops_s_cpu,68092.97
benchmark_host_ibm-power9_20260706_221111.txt,host,host,20260706_221111,cache_bogo_ops_s_real,4955.59
benchmark_host_ibm-power9_20260706_221111.txt,host,host,20260706_221111,cache_bogo_ops_s_cpu,312.17
benchmark_host_ibm-power9_20260706_221111.txt,host,host,20260706_221111,stream_copy_mbs,122427.9
benchmark_host_ibm-power9_20260706_221111.txt,host,host,20260706_221111,stream_scale_mbs,129475.7
benchmark_host_ibm-power9_20260706_221111.txt,host,host,20260706_221111,stream_add_mbs,130125.3
benchmark_host_ibm-power9_20260706_221111.txt,host,host,20260706_221111,stream_triad_mbs,126308.7
benchmark_host_ibm-power9_20260706_221111.txt,host,host,20260706_221111,disk_seqread_MiBs,508.0
benchmark_host_ibm-power9_20260706_221111.txt,host,host,20260706_221111,disk_seqwrite_MiBs,437.0
benchmark_host_ibm-power9_20260706_221111.txt,host,host,20260706_221111,disk_iops_randread,42500.0
benchmark_host_ibm-power9_20260706_221111.txt,host,host,20260706_221111,disk_iops_randwrite,18300.0
benchmark_host_ibm-power9_20260706_221111.txt,host,host,20260706_221111,disk_iops_qd1,2158.0
benchmark_host_ibm-power9_20260706_221111.txt,host,host,20260706_221111,disk_lat_avg_usec,453.54
benchmark_host_ibm-power9_20260706_221111.txt,host,host,20260706_221111,gpu_matrixmul_gflops,2925.8900000000003
benchmark_host_ibm-power9_20260706_221111.txt,host,host,20260706_221111,gpu_nccl_allreduce_busbw_gbs,19.5611
benchmark_host_ibm-power9_20260706_221111.txt,host,host,20260706_221111,gpu_nccl_allgather_busbw_gbs,18.1223
benchmark_host_ibm-power9_20260706_221111.txt,host,host,20260706_221111,gpu_nccl_sendrecv_busbw_gbs,9.4817
benchmark_host_ibm-power9_20260707_004444.txt,host,host,20260707_004444,cpu_bogo_ops_s_real,5371.83
benchmark_host_ibm-power9_20260707_004444.txt,host,host,20260707_004444,cpu_bogo_ops_s_cpu,335.74
benchmark_host_ibm-power9_20260707_004444.txt,host,host,20260707_004444,mem_bogo_ops_s_real,550025.18
benchmark_host_ibm-power9_20260707_004444.txt,host,host,20260707_004444,mem_bogo_ops_s_cpu,68754.95
benchmark_host_ibm-power9_20260707_004444.txt,host,host,20260707_004444,cache_bogo_ops_s_real,4976.12
benchmark_host_ibm-power9_20260707_004444.txt,host,host,20260707_004444,cache_bogo_ops_s_cpu,313.57
benchmark_host_ibm-power9_20260707_004444.txt,host,host,20260707_004444,stream_copy_mbs,115065.1
benchmark_host_ibm-power9_20260707_004444.txt,host,host,20260707_004444,stream_scale_mbs,123503.8
benchmark_host_ibm-power9_20260707_004444.txt,host,host,20260707_004444,stream_add_mbs,131104.0
benchmark_host_ibm-power9_20260707_004444.txt,host,host,20260707_004444,stream_triad_mbs,126941.8
benchmark_host_ibm-power9_20260707_004444.txt,host,host,20260707_004444,disk_seqread_MiBs,513.0
benchmark_host_ibm-power9_20260707_004444.txt,host,host,20260707_004444,disk_seqwrite_MiBs,446.0
benchmark_host_ibm-power9_20260707_004444.txt,host,host,20260707_004444,disk_iops_randread,40400.0
benchmark_host_ibm-power9_20260707_004444.txt,host,host,20260707_004444,disk_iops_randwrite,17400.0
benchmark_host_ibm-power9_20260707_004444.txt,host,host,20260707_004444,disk_iops_qd1,2589.0
benchmark_host_ibm-power9_20260707_004444.txt,host,host,20260707_004444,disk_lat_avg_usec,376.31
benchmark_host_ibm-power9_20260707_004444.txt,host,host,20260707_004444,gpu_matrixmul_gflops,2787.722
benchmark_host_ibm-power9_20260707_004444.txt,host,host,20260707_004444,gpu_nccl_allreduce_busbw_gbs,19.4519
benchmark_host_ibm-power9_20260707_004444.txt,host,host,20260707_004444,gpu_nccl_allgather_busbw_gbs,18.1276
benchmark_host_ibm-power9_20260707_004444.txt,host,host,20260707_004444,gpu_nccl_sendrecv_busbw_gbs,9.50261
benchmark_host_ibm-power9_20260706_233344.txt,host,host,20260706_233344,cpu_bogo_ops_s_real,5372.49
benchmark_host_ibm-power9_20260706_233344.txt,host,host,20260706_233344,cpu_bogo_ops_s_cpu,335.78
benchmark_host_ibm-power9_20260706_233344.txt,host,host,20260706_233344,mem_bogo_ops_s_real,550169.5
benchmark_host_ibm-power9_20260706_233344.txt,host,host,20260706_233344,mem_bogo_ops_s_cpu,68774.18
benchmark_host_ibm-power9_20260706_233344.txt,host,host,20260706_233344,cache_bogo_ops_s_real,4992.35
benchmark_host_ibm-power9_20260706_233344.txt,host,host,20260706_233344,cache_bogo_ops_s_cpu,314.54
benchmark_host_ibm-power9_20260706_233344.txt,host,host,20260706_233344,stream_copy_mbs,113958.7
benchmark_host_ibm-power9_20260706_233344.txt,host,host,20260706_233344,stream_scale_mbs,126782.0
benchmark_host_ibm-power9_20260706_233344.txt,host,host,20260706_233344,stream_add_mbs,122401.9
benchmark_host_ibm-power9_20260706_233344.txt,host,host,20260706_233344,stream_triad_mbs,131048.5
benchmark_host_ibm-power9_20260706_233344.txt,host,host,20260706_233344,disk_seqread_MiBs,514.0
benchmark_host_ibm-power9_20260706_233344.txt,host,host,20260706_233344,disk_seqwrite_MiBs,446.0
benchmark_host_ibm-power9_20260706_233344.txt,host,host,20260706_233344,disk_iops_randread,39000.0
benchmark_host_ibm-power9_20260706_233344.txt,host,host,20260706_233344,disk_iops_randwrite,17200.0
benchmark_host_ibm-power9_20260706_233344.txt,host,host,20260706_233344,disk_iops_qd1,1223.0
benchmark_host_ibm-power9_20260706_233344.txt,host,host,20260706_233344,disk_lat_avg_usec,807.37
benchmark_host_ibm-power9_20260706_233344.txt,host,host,20260706_233344,gpu_matrixmul_gflops,2997.052
benchmark_host_ibm-power9_20260706_233344.txt,host,host,20260706_233344,gpu_nccl_allreduce_busbw_gbs,19.4387
benchmark_host_ibm-power9_20260706_233344.txt,host,host,20260706_233344,gpu_nccl_allgather_busbw_gbs,18.1147
benchmark_host_ibm-power9_20260706_233344.txt,host,host,20260706_233344,gpu_nccl_sendrecv_busbw_gbs,9.4663
benchmark_host_ibm-power9_20260707_002052.txt,host,host,20260707_002052,cpu_bogo_ops_s_real,5372.16
benchmark_host_ibm-power9_20260707_002052.txt,host,host,20260707_002052,cpu_bogo_ops_s_cpu,335.76
benchmark_host_ibm-power9_20260707_002052.txt,host,host,20260707_002052,mem_bogo_ops_s_real,547918.71
benchmark_host_ibm-power9_20260707_002052.txt,host,host,20260707_002052,mem_bogo_ops_s_cpu,68493.57
benchmark_host_ibm-power9_20260707_002052.txt,host,host,20260707_002052,cache_bogo_ops_s_real,4979.03
benchmark_host_ibm-power9_20260707_002052.txt,host,host,20260707_002052,cache_bogo_ops_s_cpu,313.49
benchmark_host_ibm-power9_20260707_002052.txt,host,host,20260707_002052,stream_copy_mbs,112804.6
benchmark_host_ibm-power9_20260707_002052.txt,host,host,20260707_002052,stream_scale_mbs,118146.8
benchmark_host_ibm-power9_20260707_002052.txt,host,host,20260707_002052,stream_add_mbs,130950.5
benchmark_host_ibm-power9_20260707_002052.txt,host,host,20260707_002052,stream_triad_mbs,130443.6
benchmark_host_ibm-power9_20260707_002052.txt,host,host,20260707_002052,disk_seqread_MiBs,514.0
benchmark_host_ibm-power9_20260707_002052.txt,host,host,20260707_002052,disk_seqwrite_MiBs,461.0
benchmark_host_ibm-power9_20260707_002052.txt,host,host,20260707_002052,disk_iops_randread,40000.0
benchmark_host_ibm-power9_20260707_002052.txt,host,host,20260707_002052,disk_iops_randwrite,17600.0
benchmark_host_ibm-power9_20260707_002052.txt,host,host,20260707_002052,disk_iops_qd1,2350.0
benchmark_host_ibm-power9_20260707_002052.txt,host,host,20260707_002052,disk_lat_avg_usec,415.55
benchmark_host_ibm-power9_20260707_002052.txt,host,host,20260707_002052,gpu_matrixmul_gflops,2787.834
benchmark_host_ibm-power9_20260707_002052.txt,host,host,20260707_002052,gpu_nccl_allreduce_busbw_gbs,19.2635
benchmark_host_ibm-power9_20260707_002052.txt,host,host,20260707_002052,gpu_nccl_allgather_busbw_gbs,18.1145
benchmark_host_ibm-power9_20260707_002052.txt,host,host,20260707_002052,gpu_nccl_sendrecv_busbw_gbs,9.46168
benchmark_host_ibm-power9_20260706_215923.txt,host,host,20260706_215923,cpu_bogo_ops_s_real,5372.33
benchmark_host_ibm-power9_20260706_215923.txt,host,host,20260706_215923,cpu_bogo_ops_s_cpu,335.77
benchmark_host_ibm-power9_20260706_215923.txt,host,host,20260706_215923,mem_bogo_ops_s_real,550990.86
benchmark_host_ibm-power9_20260706_215923.txt,host,host,20260706_215923,mem_bogo_ops_s_cpu,68875.9
benchmark_host_ibm-power9_20260706_215923.txt,host,host,20260706_215923,cache_bogo_ops_s_real,5016.08
benchmark_host_ibm-power9_20260706_215923.txt,host,host,20260706_215923,cache_bogo_ops_s_cpu,316.11
benchmark_host_ibm-power9_20260706_215923.txt,host,host,20260706_215923,stream_copy_mbs,120504.3
benchmark_host_ibm-power9_20260706_215923.txt,host,host,20260706_215923,stream_scale_mbs,130400.3
benchmark_host_ibm-power9_20260706_215923.txt,host,host,20260706_215923,stream_add_mbs,126674.3
benchmark_host_ibm-power9_20260706_215923.txt,host,host,20260706_215923,stream_triad_mbs,125523.2
benchmark_host_ibm-power9_20260706_215923.txt,host,host,20260706_215923,disk_seqread_MiBs,514.0
benchmark_host_ibm-power9_20260706_215923.txt,host,host,20260706_215923,disk_seqwrite_MiBs,457.0
benchmark_host_ibm-power9_20260706_215923.txt,host,host,20260706_215923,disk_iops_randread,41500.0
benchmark_host_ibm-power9_20260706_215923.txt,host,host,20260706_215923,disk_iops_randwrite,17800.0
benchmark_host_ibm-power9_20260706_215923.txt,host,host,20260706_215923,disk_iops_qd1,1211.0
benchmark_host_ibm-power9_20260706_215923.txt,host,host,20260706_215923,disk_lat_avg_usec,815.31
benchmark_host_ibm-power9_20260706_215923.txt,host,host,20260706_215923,gpu_matrixmul_gflops,2998.178
benchmark_host_ibm-power9_20260706_215923.txt,host,host,20260706_215923,gpu_nccl_allreduce_busbw_gbs,19.6062
benchmark_host_ibm-power9_20260706_215923.txt,host,host,20260706_215923,gpu_nccl_allgather_busbw_gbs,18.0781
benchmark_host_ibm-power9_20260706_215923.txt,host,host,20260706_215923,gpu_nccl_sendrecv_busbw_gbs,9.47692
benchmark_host_ibm-power9_20260706_225818.txt,host,host,20260706_225818,cpu_bogo_ops_s_real,5372.99
benchmark_host_ibm-power9_20260706_225818.txt,host,host,20260706_225818,cpu_bogo_ops_s_cpu,335.81
benchmark_host_ibm-power9_20260706_225818.txt,host,host,20260706_225818,mem_bogo_ops_s_real,552098.16
benchmark_host_ibm-power9_20260706_225818.txt,host,host,20260706_225818,mem_bogo_ops_s_cpu,69014.41
benchmark_host_ibm-power9_20260706_225818.txt,host,host,20260706_225818,cache_bogo_ops_s_real,5018.83
benchmark_host_ibm-power9_20260706_225818.txt,host,host,20260706_225818,cache_bogo_ops_s_cpu,315.75
benchmark_host_ibm-power9_20260706_225818.txt,host,host,20260706_225818,stream_copy_mbs,123765.7
benchmark_host_ibm-power9_20260706_225818.txt,host,host,20260706_225818,stream_scale_mbs,128684.3
benchmark_host_ibm-power9_20260706_225818.txt,host,host,20260706_225818,stream_add_mbs,131031.5
benchmark_host_ibm-power9_20260706_225818.txt,host,host,20260706_225818,stream_triad_mbs,131040.0
benchmark_host_ibm-power9_20260706_225818.txt,host,host,20260706_225818,disk_seqread_MiBs,514.0
benchmark_host_ibm-power9_20260706_225818.txt,host,host,20260706_225818,disk_seqwrite_MiBs,473.0
benchmark_host_ibm-power9_20260706_225818.txt,host,host,20260706_225818,disk_iops_randread,41900.0
benchmark_host_ibm-power9_20260706_225818.txt,host,host,20260706_225818,disk_iops_randwrite,18000.0
benchmark_host_ibm-power9_20260706_225818.txt,host,host,20260706_225818,disk_iops_qd1,1607.0
benchmark_host_ibm-power9_20260706_225818.txt,host,host,20260706_225818,disk_lat_avg_usec,612.13
benchmark_host_ibm-power9_20260706_225818.txt,host,host,20260706_225818,gpu_matrixmul_gflops,2996.402
benchmark_host_ibm-power9_20260706_225818.txt,host,host,20260706_225818,gpu_nccl_allreduce_busbw_gbs,19.6899
benchmark_host_ibm-power9_20260706_225818.txt,host,host,20260706_225818,gpu_nccl_allgather_busbw_gbs,18.1174
benchmark_host_ibm-power9_20260706_225818.txt,host,host,20260706_225818,gpu_nccl_sendrecv_busbw_gbs,9.45181
benchmark_host_ibm-power9_20260706_222300.txt,host,host,20260706_222300,cpu_bogo_ops_s_real,5371.09
benchmark_host_ibm-power9_20260706_222300.txt,host,host,20260706_222300,cpu_bogo_ops_s_cpu,335.69
benchmark_host_ibm-power9_20260706_222300.txt,host,host,20260706_222300,mem_bogo_ops_s_real,549097.42
benchmark_host_ibm-power9_20260706_222300.txt,host,host,20260706_222300,mem_bogo_ops_s_cpu,68638.33
benchmark_host_ibm-power9_20260706_222300.txt,host,host,20260706_222300,cache_bogo_ops_s_real,4960.83
benchmark_host_ibm-power9_20260706_222300.txt,host,host,20260706_222300,cache_bogo_ops_s_cpu,312.84
benchmark_host_ibm-power9_20260706_222300.txt,host,host,20260706_222300,stream_copy_mbs,114155.0
benchmark_host_ibm-power9_20260706_222300.txt,host,host,20260706_222300,stream_scale_mbs,128668.9
benchmark_host_ibm-power9_20260706_222300.txt,host,host,20260706_222300,stream_add_mbs,130602.2
benchmark_host_ibm-power9_20260706_222300.txt,host,host,20260706_222300,stream_triad_mbs,124999.0
benchmark_host_ibm-power9_20260706_222300.txt,host,host,20260706_222300,disk_seqread_MiBs,498.0
benchmark_host_ibm-power9_20260706_222300.txt,host,host,20260706_222300,disk_seqwrite_MiBs,422.0
benchmark_host_ibm-power9_20260706_222300.txt,host,host,20260706_222300,disk_iops_randread,41700.0
benchmark_host_ibm-power9_20260706_222300.txt,host,host,20260706_222300,disk_iops_randwrite,17900.0
benchmark_host_ibm-power9_20260706_222300.txt,host,host,20260706_222300,disk_iops_qd1,1029.0
benchmark_host_ibm-power9_20260706_222300.txt,host,host,20260706_222300,disk_lat_avg_usec,961.49
benchmark_host_ibm-power9_20260706_222300.txt,host,host,20260706_222300,gpu_matrixmul_gflops,2784.2059999999997
benchmark_host_ibm-power9_20260706_222300.txt,host,host,20260706_222300,gpu_nccl_allreduce_busbw_gbs,19.2217
benchmark_host_ibm-power9_20260706_222300.txt,host,host,20260706_222300,gpu_nccl_allgather_busbw_gbs,18.1192
benchmark_host_ibm-power9_20260706_222300.txt,host,host,20260706_222300,gpu_nccl_sendrecv_busbw_gbs,9.40661
benchmark_host_ibm-power9_20260706_235718.txt,host,host,20260706_235718,cpu_bogo_ops_s_real,5370.89
benchmark_host_ibm-power9_20260706_235718.txt,host,host,20260706_235718,cpu_bogo_ops_s_cpu,335.68
benchmark_host_ibm-power9_20260706_235718.txt,host,host,20260706_235718,mem_bogo_ops_s_real,548608.06
benchmark_host_ibm-power9_20260706_235718.txt,host,host,20260706_235718,mem_bogo_ops_s_cpu,68577.48
benchmark_host_ibm-power9_20260706_235718.txt,host,host,20260706_235718,cache_bogo_ops_s_real,4957.96
benchmark_host_ibm-power9_20260706_235718.txt,host,host,20260706_235718,cache_bogo_ops_s_cpu,312.46
benchmark_host_ibm-power9_20260706_235718.txt,host,host,20260706_235718,stream_copy_mbs,114725.8
benchmark_host_ibm-power9_20260706_235718.txt,host,host,20260706_235718,stream_scale_mbs,129266.8
benchmark_host_ibm-power9_20260706_235718.txt,host,host,20260706_235718,stream_add_mbs,130479.5
benchmark_host_ibm-power9_20260706_235718.txt,host,host,20260706_235718,stream_triad_mbs,124660.4
benchmark_host_ibm-power9_20260706_235718.txt,host,host,20260706_235718,disk_seqread_MiBs,514.0
benchmark_host_ibm-power9_20260706_235718.txt,host,host,20260706_235718,disk_seqwrite_MiBs,410.0
benchmark_host_ibm-power9_20260706_235718.txt,host,host,20260706_235718,disk_iops_randread,36900.0
benchmark_host_ibm-power9_20260706_235718.txt,host,host,20260706_235718,disk_iops_randwrite,15800.0
benchmark_host_ibm-power9_20260706_235718.txt,host,host,20260706_235718,disk_iops_qd1,3456.0
benchmark_host_ibm-power9_20260706_235718.txt,host,host,20260706_235718,disk_lat_avg_usec,279.03
benchmark_host_ibm-power9_20260706_235718.txt,host,host,20260706_235718,gpu_matrixmul_gflops,2789.81
benchmark_host_ibm-power9_20260706_235718.txt,host,host,20260706_235718,gpu_nccl_allreduce_busbw_gbs,19.1734
benchmark_host_ibm-power9_20260706_235718.txt,host,host,20260706_235718,gpu_nccl_allgather_busbw_gbs,18.1056
benchmark_host_ibm-power9_20260706_235718.txt,host,host,20260706_235718,gpu_nccl_sendrecv_busbw_gbs,9.47229
benchmark_host_ibm-power9_20260707_000900.txt,host,host,20260707_000900,cpu_bogo_ops_s_real,5369.83
benchmark_host_ibm-power9_20260707_000900.txt,host,host,20260707_000900,cpu_bogo_ops_s_cpu,335.62
benchmark_host_ibm-power9_20260707_000900.txt,host,host,20260707_000900,mem_bogo_ops_s_real,551741.73
benchmark_host_ibm-power9_20260707_000900.txt,host,host,20260707_000900,mem_bogo_ops_s_cpu,68969.25
benchmark_host_ibm-power9_20260707_000900.txt,host,host,20260707_000900,cache_bogo_ops_s_real,5003.34
benchmark_host_ibm-power9_20260707_000900.txt,host,host,20260707_000900,cache_bogo_ops_s_cpu,315.27
benchmark_host_ibm-power9_20260707_000900.txt,host,host,20260707_000900,stream_copy_mbs,114838.7
benchmark_host_ibm-power9_20260707_000900.txt,host,host,20260707_000900,stream_scale_mbs,130229.5
benchmark_host_ibm-power9_20260707_000900.txt,host,host,20260707_000900,stream_add_mbs,123623.2
benchmark_host_ibm-power9_20260707_000900.txt,host,host,20260707_000900,stream_triad_mbs,124216.2
benchmark_host_ibm-power9_20260707_000900.txt,host,host,20260707_000900,disk_seqread_MiBs,512.0
benchmark_host_ibm-power9_20260707_000900.txt,host,host,20260707_000900,disk_seqwrite_MiBs,475.0
benchmark_host_ibm-power9_20260707_000900.txt,host,host,20260707_000900,disk_iops_randread,42500.0
benchmark_host_ibm-power9_20260707_000900.txt,host,host,20260707_000900,disk_iops_randwrite,18200.0
benchmark_host_ibm-power9_20260707_000900.txt,host,host,20260707_000900,disk_iops_qd1,2048.0
benchmark_host_ibm-power9_20260707_000900.txt,host,host,20260707_000900,disk_lat_avg_usec,478.23
benchmark_host_ibm-power9_20260707_000900.txt,host,host,20260707_000900,gpu_matrixmul_gflops,2785.498
benchmark_host_ibm-power9_20260707_000900.txt,host,host,20260707_000900,gpu_nccl_allreduce_busbw_gbs,19.1732
benchmark_host_ibm-power9_20260707_000900.txt,host,host,20260707_000900,gpu_nccl_allgather_busbw_gbs,18.1043
benchmark_host_ibm-power9_20260707_000900.txt,host,host,20260707_000900,gpu_nccl_sendrecv_busbw_gbs,9.50653
benchmark_vm_localhost.localdomain_20260610_022612.txt,kvm,gabrielly,20260610_022612,cpu_bogo_ops_s_real,5270.72
benchmark_vm_localhost.localdomain_20260610_022612.txt,kvm,gabrielly,20260610_022612,cpu_bogo_ops_s_cpu,331.07
benchmark_vm_localhost.localdomain_20260610_022612.txt,kvm,gabrielly,20260610_022612,mem_bogo_ops_s_real,423496.74
benchmark_vm_localhost.localdomain_20260610_022612.txt,kvm,gabrielly,20260610_022612,mem_bogo_ops_s_cpu,53271.13
benchmark_vm_localhost.localdomain_20260610_022612.txt,kvm,gabrielly,20260610_022612,cache_bogo_ops_s_real,29724.5
benchmark_vm_localhost.localdomain_20260610_022612.txt,kvm,gabrielly,20260610_022612,cache_bogo_ops_s_cpu,2783.21
benchmark_vm_localhost.localdomain_20260610_022612.txt,kvm,gabrielly,20260610_022612,stream_copy_mbs,77580.3
benchmark_vm_localhost.localdomain_20260610_022612.txt,kvm,gabrielly,20260610_022612,stream_scale_mbs,79197.3
benchmark_vm_localhost.localdomain_20260610_022612.txt,kvm,gabrielly,20260610_022612,stream_add_mbs,71415.2
benchmark_vm_localhost.localdomain_20260610_022612.txt,kvm,gabrielly,20260610_022612,stream_triad_mbs,75465.4
benchmark_vm_localhost.localdomain_20260610_022612.txt,kvm,gabrielly,20260610_022612,disk_seqread_MiBs,473.0
benchmark_vm_localhost.localdomain_20260610_022612.txt,kvm,gabrielly,20260610_022612,disk_seqwrite_MiBs,434.0
benchmark_vm_localhost.localdomain_20260610_022612.txt,kvm,gabrielly,20260610_022612,disk_iops_randread,30100.0
benchmark_vm_localhost.localdomain_20260610_022612.txt,kvm,gabrielly,20260610_022612,disk_iops_randwrite,12000.0
benchmark_vm_localhost.localdomain_20260610_022612.txt,kvm,gabrielly,20260610_022612,disk_iops_qd1,2584.0
benchmark_vm_localhost.localdomain_20260610_022612.txt,kvm,gabrielly,20260610_022612,disk_lat_avg_usec,369.96
benchmark_vm_localhost.localdomain_20260610_022612.txt,kvm,gabrielly,20260610_022612,gpu_matrixmul_gflops,2787.084
benchmark_vm_localhost.localdomain_20260610_022612.txt,kvm,gabrielly,20260610_022612,gpu_nccl_allreduce_busbw_gbs,19.3032
benchmark_vm_localhost.localdomain_20260610_022612.txt,kvm,gabrielly,20260610_022612,gpu_nccl_allgather_busbw_gbs,18.0826
benchmark_vm_localhost.localdomain_20260610_022612.txt,kvm,gabrielly,20260610_022612,gpu_nccl_sendrecv_busbw_gbs,9.51497
benchmark_vm_localhost.localdomain_20260610_021417.txt,kvm,gabrielly,20260610_021417,cpu_bogo_ops_s_real,5357.47
benchmark_vm_localhost.localdomain_20260610_021417.txt,kvm,gabrielly,20260610_021417,cpu_bogo_ops_s_cpu,334.9
benchmark_vm_localhost.localdomain_20260610_021417.txt,kvm,gabrielly,20260610_021417,mem_bogo_ops_s_real,448241.68
benchmark_vm_localhost.localdomain_20260610_021417.txt,kvm,gabrielly,20260610_021417,mem_bogo_ops_s_cpu,56029.37
benchmark_vm_localhost.localdomain_20260610_021417.txt,kvm,gabrielly,20260610_021417,cache_bogo_ops_s_real,31137.94
benchmark_vm_localhost.localdomain_20260610_021417.txt,kvm,gabrielly,20260610_021417,cache_bogo_ops_s_cpu,2618.27
benchmark_vm_localhost.localdomain_20260610_021417.txt,kvm,gabrielly,20260610_021417,stream_copy_mbs,85197.3
benchmark_vm_localhost.localdomain_20260610_021417.txt,kvm,gabrielly,20260610_021417,stream_scale_mbs,84768.2
benchmark_vm_localhost.localdomain_20260610_021417.txt,kvm,gabrielly,20260610_021417,stream_add_mbs,79064.8
benchmark_vm_localhost.localdomain_20260610_021417.txt,kvm,gabrielly,20260610_021417,stream_triad_mbs,79804.4
benchmark_vm_localhost.localdomain_20260610_021417.txt,kvm,gabrielly,20260610_021417,disk_seqread_MiBs,509.0
benchmark_vm_localhost.localdomain_20260610_021417.txt,kvm,gabrielly,20260610_021417,disk_seqwrite_MiBs,431.0
benchmark_vm_localhost.localdomain_20260610_021417.txt,kvm,gabrielly,20260610_021417,disk_iops_randread,26400.0
benchmark_vm_localhost.localdomain_20260610_021417.txt,kvm,gabrielly,20260610_021417,disk_iops_randwrite,11400.0
benchmark_vm_localhost.localdomain_20260610_021417.txt,kvm,gabrielly,20260610_021417,disk_iops_qd1,2867.0
benchmark_vm_localhost.localdomain_20260610_021417.txt,kvm,gabrielly,20260610_021417,disk_lat_avg_usec,329.75
benchmark_vm_localhost.localdomain_20260610_021417.txt,kvm,gabrielly,20260610_021417,gpu_matrixmul_gflops,3059.62
benchmark_vm_localhost.localdomain_20260610_021417.txt,kvm,gabrielly,20260610_021417,gpu_nccl_allreduce_busbw_gbs,19.3298
benchmark_vm_localhost.localdomain_20260610_021417.txt,kvm,gabrielly,20260610_021417,gpu_nccl_allgather_busbw_gbs,18.1197
benchmark_vm_localhost.localdomain_20260610_021417.txt,kvm,gabrielly,20260610_021417,gpu_nccl_sendrecv_busbw_gbs,9.16951
benchmark_vm_localhost.localdomain_20260610_030230.txt,kvm,gabrielly,20260610_030230,cpu_bogo_ops_s_real,5358.11
benchmark_vm_localhost.localdomain_20260610_030230.txt,kvm,gabrielly,20260610_030230,cpu_bogo_ops_s_cpu,334.92
benchmark_vm_localhost.localdomain_20260610_030230.txt,kvm,gabrielly,20260610_030230,mem_bogo_ops_s_real,431805.76
benchmark_vm_localhost.localdomain_20260610_030230.txt,kvm,gabrielly,20260610_030230,mem_bogo_ops_s_cpu,53987.57
benchmark_vm_localhost.localdomain_20260610_030230.txt,kvm,gabrielly,20260610_030230,cache_bogo_ops_s_real,27719.01
benchmark_vm_localhost.localdomain_20260610_030230.txt,kvm,gabrielly,20260610_030230,cache_bogo_ops_s_cpu,3066.05
benchmark_vm_localhost.localdomain_20260610_030230.txt,kvm,gabrielly,20260610_030230,stream_copy_mbs,80130.0
benchmark_vm_localhost.localdomain_20260610_030230.txt,kvm,gabrielly,20260610_030230,stream_scale_mbs,81280.0
benchmark_vm_localhost.localdomain_20260610_030230.txt,kvm,gabrielly,20260610_030230,stream_add_mbs,73529.2
benchmark_vm_localhost.localdomain_20260610_030230.txt,kvm,gabrielly,20260610_030230,stream_triad_mbs,74205.4
benchmark_vm_localhost.localdomain_20260610_030230.txt,kvm,gabrielly,20260610_030230,disk_seqread_MiBs,473.0
benchmark_vm_localhost.localdomain_20260610_030230.txt,kvm,gabrielly,20260610_030230,disk_seqwrite_MiBs,426.0
benchmark_vm_localhost.localdomain_20260610_030230.txt,kvm,gabrielly,20260610_030230,disk_iops_randread,28100.0
benchmark_vm_localhost.localdomain_20260610_030230.txt,kvm,gabrielly,20260610_030230,disk_iops_randwrite,12100.0
benchmark_vm_localhost.localdomain_20260610_030230.txt,kvm,gabrielly,20260610_030230,disk_iops_qd1,2160.0
benchmark_vm_localhost.localdomain_20260610_030230.txt,kvm,gabrielly,20260610_030230,disk_lat_avg_usec,445.18
benchmark_vm_localhost.localdomain_20260610_030230.txt,kvm,gabrielly,20260610_030230,gpu_matrixmul_gflops,3061.904
benchmark_vm_localhost.localdomain_20260610_030230.txt,kvm,gabrielly,20260610_030230,gpu_nccl_allreduce_busbw_gbs,19.7304
benchmark_vm_localhost.localdomain_20260610_030230.txt,kvm,gabrielly,20260610_030230,gpu_nccl_allgather_busbw_gbs,18.1087
benchmark_vm_localhost.localdomain_20260610_030230.txt,kvm,gabrielly,20260610_030230,gpu_nccl_sendrecv_busbw_gbs,9.48089
benchmark_vm_localhost.localdomain_20260610_025026.txt,kvm,gabrielly,20260610_025026,cpu_bogo_ops_s_real,5352.98
benchmark_vm_localhost.localdomain_20260610_025026.txt,kvm,gabrielly,20260610_025026,cpu_bogo_ops_s_cpu,334.6
benchmark_vm_localhost.localdomain_20260610_025026.txt,kvm,gabrielly,20260610_025026,mem_bogo_ops_s_real,455076.89
benchmark_vm_localhost.localdomain_20260610_025026.txt,kvm,gabrielly,20260610_025026,mem_bogo_ops_s_cpu,56887.71
benchmark_vm_localhost.localdomain_20260610_025026.txt,kvm,gabrielly,20260610_025026,cache_bogo_ops_s_real,25065.16
benchmark_vm_localhost.localdomain_20260610_025026.txt,kvm,gabrielly,20260610_025026,cache_bogo_ops_s_cpu,3205.29
benchmark_vm_localhost.localdomain_20260610_025026.txt,kvm,gabrielly,20260610_025026,stream_copy_mbs,83891.3
benchmark_vm_localhost.localdomain_20260610_025026.txt,kvm,gabrielly,20260610_025026,stream_scale_mbs,86962.4
benchmark_vm_localhost.localdomain_20260610_025026.txt,kvm,gabrielly,20260610_025026,stream_add_mbs,80719.5
benchmark_vm_localhost.localdomain_20260610_025026.txt,kvm,gabrielly,20260610_025026,stream_triad_mbs,81521.9
benchmark_vm_localhost.localdomain_20260610_025026.txt,kvm,gabrielly,20260610_025026,disk_seqread_MiBs,473.0
benchmark_vm_localhost.localdomain_20260610_025026.txt,kvm,gabrielly,20260610_025026,disk_seqwrite_MiBs,423.0
benchmark_vm_localhost.localdomain_20260610_025026.txt,kvm,gabrielly,20260610_025026,disk_iops_randread,30600.0
benchmark_vm_localhost.localdomain_20260610_025026.txt,kvm,gabrielly,20260610_025026,disk_iops_randwrite,13200.0
benchmark_vm_localhost.localdomain_20260610_025026.txt,kvm,gabrielly,20260610_025026,disk_iops_qd1,2209.0
benchmark_vm_localhost.localdomain_20260610_025026.txt,kvm,gabrielly,20260610_025026,disk_lat_avg_usec,434.32
benchmark_vm_localhost.localdomain_20260610_025026.txt,kvm,gabrielly,20260610_025026,gpu_matrixmul_gflops,2787.768
benchmark_vm_localhost.localdomain_20260610_025026.txt,kvm,gabrielly,20260610_025026,gpu_nccl_allreduce_busbw_gbs,19.4414
benchmark_vm_localhost.localdomain_20260610_025026.txt,kvm,gabrielly,20260610_025026,gpu_nccl_allgather_busbw_gbs,18.1191
benchmark_vm_localhost.localdomain_20260610_025026.txt,kvm,gabrielly,20260610_025026,gpu_nccl_sendrecv_busbw_gbs,9.54101
benchmark_vm_localhost.localdomain_20260610_023817.txt,kvm,gabrielly,20260610_023817,cpu_bogo_ops_s_real,5356.21
benchmark_vm_localhost.localdomain_20260610_023817.txt,kvm,gabrielly,20260610_023817,cpu_bogo_ops_s_cpu,334.82
benchmark_vm_localhost.localdomain_20260610_023817.txt,kvm,gabrielly,20260610_023817,mem_bogo_ops_s_real,428034.61
benchmark_vm_localhost.localdomain_20260610_023817.txt,kvm,gabrielly,20260610_023817,mem_bogo_ops_s_cpu,53505.46
benchmark_vm_localhost.localdomain_20260610_023817.txt,kvm,gabrielly,20260610_023817,cache_bogo_ops_s_real,24953.42
benchmark_vm_localhost.localdomain_20260610_023817.txt,kvm,gabrielly,20260610_023817,cache_bogo_ops_s_cpu,3270.75
benchmark_vm_localhost.localdomain_20260610_023817.txt,kvm,gabrielly,20260610_023817,stream_copy_mbs,73323.0
benchmark_vm_localhost.localdomain_20260610_023817.txt,kvm,gabrielly,20260610_023817,stream_scale_mbs,74709.6
benchmark_vm_localhost.localdomain_20260610_023817.txt,kvm,gabrielly,20260610_023817,stream_add_mbs,68827.3
benchmark_vm_localhost.localdomain_20260610_023817.txt,kvm,gabrielly,20260610_023817,stream_triad_mbs,71428.5
benchmark_vm_localhost.localdomain_20260610_023817.txt,kvm,gabrielly,20260610_023817,disk_seqread_MiBs,473.0
benchmark_vm_localhost.localdomain_20260610_023817.txt,kvm,gabrielly,20260610_023817,disk_seqwrite_MiBs,429.0
benchmark_vm_localhost.localdomain_20260610_023817.txt,kvm,gabrielly,20260610_023817,disk_iops_randread,31500.0
benchmark_vm_localhost.localdomain_20260610_023817.txt,kvm,gabrielly,20260610_023817,disk_iops_randwrite,13600.0
benchmark_vm_localhost.localdomain_20260610_023817.txt,kvm,gabrielly,20260610_023817,disk_iops_qd1,2960.0
benchmark_vm_localhost.localdomain_20260610_023817.txt,kvm,gabrielly,20260610_023817,disk_lat_avg_usec,320.02
benchmark_vm_localhost.localdomain_20260610_023817.txt,kvm,gabrielly,20260610_023817,gpu_matrixmul_gflops,2997.712
benchmark_vm_localhost.localdomain_20260610_023817.txt,kvm,gabrielly,20260610_023817,gpu_nccl_allreduce_busbw_gbs,19.587
benchmark_vm_localhost.localdomain_20260610_023817.txt,kvm,gabrielly,20260610_023817,gpu_nccl_allgather_busbw_gbs,18.0723
benchmark_vm_localhost.localdomain_20260610_023817.txt,kvm,gabrielly,20260610_023817,gpu_nccl_sendrecv_busbw_gbs,9.53718
benchmark_vm_localhost.localdomain_20260618_025728.txt,kvm,lucas,20260618_025728,cpu_bogo_ops_s_real,5362.37
benchmark_vm_localhost.localdomain_20260618_025728.txt,kvm,lucas,20260618_025728,cpu_bogo_ops_s_cpu,335.17
benchmark_vm_localhost.localdomain_20260618_025728.txt,kvm,lucas,20260618_025728,mem_bogo_ops_s_real,465842.6
benchmark_vm_localhost.localdomain_20260618_025728.txt,kvm,lucas,20260618_025728,mem_bogo_ops_s_cpu,58243.41
benchmark_vm_localhost.localdomain_20260618_025728.txt,kvm,lucas,20260618_025728,cache_bogo_ops_s_real,21870.95
benchmark_vm_localhost.localdomain_20260618_025728.txt,kvm,lucas,20260618_025728,cache_bogo_ops_s_cpu,3305.26
benchmark_vm_localhost.localdomain_20260618_025728.txt,kvm,lucas,20260618_025728,stream_copy_mbs,88270.6
benchmark_vm_localhost.localdomain_20260618_025728.txt,kvm,lucas,20260618_025728,stream_scale_mbs,85156.8
benchmark_vm_localhost.localdomain_20260618_025728.txt,kvm,lucas,20260618_025728,stream_add_mbs,93294.2
benchmark_vm_localhost.localdomain_20260618_025728.txt,kvm,lucas,20260618_025728,stream_triad_mbs,94571.7
benchmark_vm_localhost.localdomain_20260618_025728.txt,kvm,lucas,20260618_025728,disk_seqread_MiBs,496.0
benchmark_vm_localhost.localdomain_20260618_025728.txt,kvm,lucas,20260618_025728,disk_seqwrite_MiBs,445.0
benchmark_vm_localhost.localdomain_20260618_025728.txt,kvm,lucas,20260618_025728,disk_iops_randread,38700.0
benchmark_vm_localhost.localdomain_20260618_025728.txt,kvm,lucas,20260618_025728,disk_iops_randwrite,16600.0
benchmark_vm_localhost.localdomain_20260618_025728.txt,kvm,lucas,20260618_025728,disk_iops_qd1,1063.0
benchmark_vm_localhost.localdomain_20260618_025728.txt,kvm,lucas,20260618_025728,disk_lat_avg_usec,923.16
benchmark_vm_localhost.localdomain_20260618_025728.txt,kvm,lucas,20260618_025728,gpu_matrixmul_gflops,2787.198
benchmark_vm_localhost.localdomain_20260618_025728.txt,kvm,lucas,20260618_025728,gpu_nccl_allreduce_busbw_gbs,19.2932
benchmark_vm_localhost.localdomain_20260618_025728.txt,kvm,lucas,20260618_025728,gpu_nccl_allgather_busbw_gbs,18.0391
benchmark_vm_localhost.localdomain_20260618_025728.txt,kvm,lucas,20260618_025728,gpu_nccl_sendrecv_busbw_gbs,9.6418
benchmark_vm_localhost.localdomain_20260618_034453.txt,kvm,lucas,20260618_034453,cpu_bogo_ops_s_real,5367.17
benchmark_vm_localhost.localdomain_20260618_034453.txt,kvm,lucas,20260618_034453,cpu_bogo_ops_s_cpu,335.48
benchmark_vm_localhost.localdomain_20260618_034453.txt,kvm,lucas,20260618_034453,mem_bogo_ops_s_real,471420.17
benchmark_vm_localhost.localdomain_20260618_034453.txt,kvm,lucas,20260618_034453,mem_bogo_ops_s_cpu,58927.71
benchmark_vm_localhost.localdomain_20260618_034453.txt,kvm,lucas,20260618_034453,cache_bogo_ops_s_real,26246.37
benchmark_vm_localhost.localdomain_20260618_034453.txt,kvm,lucas,20260618_034453,cache_bogo_ops_s_cpu,2983.72
benchmark_vm_localhost.localdomain_20260618_034453.txt,kvm,lucas,20260618_034453,stream_copy_mbs,80029.7
benchmark_vm_localhost.localdomain_20260618_034453.txt,kvm,lucas,20260618_034453,stream_scale_mbs,80361.5
benchmark_vm_localhost.localdomain_20260618_034453.txt,kvm,lucas,20260618_034453,stream_add_mbs,77874.3
benchmark_vm_localhost.localdomain_20260618_034453.txt,kvm,lucas,20260618_034453,stream_triad_mbs,78318.9
benchmark_vm_localhost.localdomain_20260618_034453.txt,kvm,lucas,20260618_034453,disk_seqread_MiBs,497.0
benchmark_vm_localhost.localdomain_20260618_034453.txt,kvm,lucas,20260618_034453,disk_seqwrite_MiBs,454.0
benchmark_vm_localhost.localdomain_20260618_034453.txt,kvm,lucas,20260618_034453,disk_iops_randread,34100.0
benchmark_vm_localhost.localdomain_20260618_034453.txt,kvm,lucas,20260618_034453,disk_iops_randwrite,14700.0
benchmark_vm_localhost.localdomain_20260618_034453.txt,kvm,lucas,20260618_034453,disk_iops_qd1,1718.0
benchmark_vm_localhost.localdomain_20260618_034453.txt,kvm,lucas,20260618_034453,disk_lat_avg_usec,564.72
benchmark_vm_localhost.localdomain_20260618_034453.txt,kvm,lucas,20260618_034453,gpu_matrixmul_gflops,3059.8579999999997
benchmark_vm_localhost.localdomain_20260618_034453.txt,kvm,lucas,20260618_034453,gpu_nccl_allreduce_busbw_gbs,19.5076
benchmark_vm_localhost.localdomain_20260618_034453.txt,kvm,lucas,20260618_034453,gpu_nccl_allgather_busbw_gbs,18.1233
benchmark_vm_localhost.localdomain_20260618_034453.txt,kvm,lucas,20260618_034453,gpu_nccl_sendrecv_busbw_gbs,9.34683
benchmark_vm_localhost.localdomain_20260618_030918.txt,kvm,lucas,20260618_030918,cpu_bogo_ops_s_real,5368.26
benchmark_vm_localhost.localdomain_20260618_030918.txt,kvm,lucas,20260618_030918,cpu_bogo_ops_s_cpu,335.55
benchmark_vm_localhost.localdomain_20260618_030918.txt,kvm,lucas,20260618_030918,mem_bogo_ops_s_real,467641.67
benchmark_vm_localhost.localdomain_20260618_030918.txt,kvm,lucas,20260618_030918,mem_bogo_ops_s_cpu,58467.61
benchmark_vm_localhost.localdomain_20260618_030918.txt,kvm,lucas,20260618_030918,cache_bogo_ops_s_real,18601.41
benchmark_vm_localhost.localdomain_20260618_030918.txt,kvm,lucas,20260618_030918,cache_bogo_ops_s_cpu,3860.95
benchmark_vm_localhost.localdomain_20260618_030918.txt,kvm,lucas,20260618_030918,stream_copy_mbs,78058.5
benchmark_vm_localhost.localdomain_20260618_030918.txt,kvm,lucas,20260618_030918,stream_scale_mbs,80696.1
benchmark_vm_localhost.localdomain_20260618_030918.txt,kvm,lucas,20260618_030918,stream_add_mbs,75602.1
benchmark_vm_localhost.localdomain_20260618_030918.txt,kvm,lucas,20260618_030918,stream_triad_mbs,76341.8
benchmark_vm_localhost.localdomain_20260618_030918.txt,kvm,lucas,20260618_030918,disk_seqread_MiBs,514.0
benchmark_vm_localhost.localdomain_20260618_030918.txt,kvm,lucas,20260618_030918,disk_seqwrite_MiBs,457.0
benchmark_vm_localhost.localdomain_20260618_030918.txt,kvm,lucas,20260618_030918,disk_iops_randread,39400.0
benchmark_vm_localhost.localdomain_20260618_030918.txt,kvm,lucas,20260618_030918,disk_iops_randwrite,16900.0
benchmark_vm_localhost.localdomain_20260618_030918.txt,kvm,lucas,20260618_030918,disk_iops_qd1,2784.0
benchmark_vm_localhost.localdomain_20260618_030918.txt,kvm,lucas,20260618_030918,disk_lat_avg_usec,342.02
benchmark_vm_localhost.localdomain_20260618_030918.txt,kvm,lucas,20260618_030918,gpu_matrixmul_gflops,2998.828
benchmark_vm_localhost.localdomain_20260618_030918.txt,kvm,lucas,20260618_030918,gpu_nccl_allreduce_busbw_gbs,19.4159
benchmark_vm_localhost.localdomain_20260618_030918.txt,kvm,lucas,20260618_030918,gpu_nccl_allgather_busbw_gbs,18.0596
benchmark_vm_localhost.localdomain_20260618_030918.txt,kvm,lucas,20260618_030918,gpu_nccl_sendrecv_busbw_gbs,9.61087
benchmark_vm_localhost.localdomain_20260618_033301.txt,kvm,lucas,20260618_033301,cpu_bogo_ops_s_real,5368.41
benchmark_vm_localhost.localdomain_20260618_033301.txt,kvm,lucas,20260618_033301,cpu_bogo_ops_s_cpu,335.56
benchmark_vm_localhost.localdomain_20260618_033301.txt,kvm,lucas,20260618_033301,mem_bogo_ops_s_real,442799.26
benchmark_vm_localhost.localdomain_20260618_033301.txt,kvm,lucas,20260618_033301,mem_bogo_ops_s_cpu,56127.57
benchmark_vm_localhost.localdomain_20260618_033301.txt,kvm,lucas,20260618_033301,cache_bogo_ops_s_real,31910.05
benchmark_vm_localhost.localdomain_20260618_033301.txt,kvm,lucas,20260618_033301,cache_bogo_ops_s_cpu,2662.77
benchmark_vm_localhost.localdomain_20260618_033301.txt,kvm,lucas,20260618_033301,stream_copy_mbs,88039.0
benchmark_vm_localhost.localdomain_20260618_033301.txt,kvm,lucas,20260618_033301,stream_scale_mbs,88894.7
benchmark_vm_localhost.localdomain_20260618_033301.txt,kvm,lucas,20260618_033301,stream_add_mbs,81194.8
benchmark_vm_localhost.localdomain_20260618_033301.txt,kvm,lucas,20260618_033301,stream_triad_mbs,83963.9
benchmark_vm_localhost.localdomain_20260618_033301.txt,kvm,lucas,20260618_033301,disk_seqread_MiBs,496.0
benchmark_vm_localhost.localdomain_20260618_033301.txt,kvm,lucas,20260618_033301,disk_seqwrite_MiBs,454.0
benchmark_vm_localhost.localdomain_20260618_033301.txt,kvm,lucas,20260618_033301,disk_iops_randread,40100.0
benchmark_vm_localhost.localdomain_20260618_033301.txt,kvm,lucas,20260618_033301,disk_iops_randwrite,17200.0
benchmark_vm_localhost.localdomain_20260618_033301.txt,kvm,lucas,20260618_033301,disk_iops_qd1,2685.0
benchmark_vm_localhost.localdomain_20260618_033301.txt,kvm,lucas,20260618_033301,disk_lat_avg_usec,355.97
benchmark_vm_localhost.localdomain_20260618_033301.txt,kvm,lucas,20260618_033301,gpu_matrixmul_gflops,2786.02
benchmark_vm_localhost.localdomain_20260618_033301.txt,kvm,lucas,20260618_033301,gpu_nccl_allreduce_busbw_gbs,19.3421
benchmark_vm_localhost.localdomain_20260618_033301.txt,kvm,lucas,20260618_033301,gpu_nccl_allgather_busbw_gbs,18.1491
benchmark_vm_localhost.localdomain_20260618_033301.txt,kvm,lucas,20260618_033301,gpu_nccl_sendrecv_busbw_gbs,9.48956
benchmark_vm_localhost.localdomain_20260618_032107.txt,kvm,lucas,20260618_032107,cpu_bogo_ops_s_real,5301.67
benchmark_vm_localhost.localdomain_20260618_032107.txt,kvm,lucas,20260618_032107,cpu_bogo_ops_s_cpu,335.57
benchmark_vm_localhost.localdomain_20260618_032107.txt,kvm,lucas,20260618_032107,mem_bogo_ops_s_real,465989.48
benchmark_vm_localhost.localdomain_20260618_032107.txt,kvm,lucas,20260618_032107,mem_bogo_ops_s_cpu,58249.82
benchmark_vm_localhost.localdomain_20260618_032107.txt,kvm,lucas,20260618_032107,cache_bogo_ops_s_real,18586.82
benchmark_vm_localhost.localdomain_20260618_032107.txt,kvm,lucas,20260618_032107,cache_bogo_ops_s_cpu,3840.18
benchmark_vm_localhost.localdomain_20260618_032107.txt,kvm,lucas,20260618_032107,stream_copy_mbs,86363.6
benchmark_vm_localhost.localdomain_20260618_032107.txt,kvm,lucas,20260618_032107,stream_scale_mbs,86992.0
benchmark_vm_localhost.localdomain_20260618_032107.txt,kvm,lucas,20260618_032107,stream_add_mbs,80981.7
benchmark_vm_localhost.localdomain_20260618_032107.txt,kvm,lucas,20260618_032107,stream_triad_mbs,81132.6
benchmark_vm_localhost.localdomain_20260618_032107.txt,kvm,lucas,20260618_032107,disk_seqread_MiBs,515.0
benchmark_vm_localhost.localdomain_20260618_032107.txt,kvm,lucas,20260618_032107,disk_seqwrite_MiBs,457.0
benchmark_vm_localhost.localdomain_20260618_032107.txt,kvm,lucas,20260618_032107,disk_iops_randread,39300.0
benchmark_vm_localhost.localdomain_20260618_032107.txt,kvm,lucas,20260618_032107,disk_iops_randwrite,16900.0
benchmark_vm_localhost.localdomain_20260618_032107.txt,kvm,lucas,20260618_032107,disk_iops_qd1,2478.0
benchmark_vm_localhost.localdomain_20260618_032107.txt,kvm,lucas,20260618_032107,disk_lat_avg_usec,386.28
benchmark_vm_localhost.localdomain_20260618_032107.txt,kvm,lucas,20260618_032107,gpu_matrixmul_gflops,2786.002
benchmark_vm_localhost.localdomain_20260618_032107.txt,kvm,lucas,20260618_032107,gpu_nccl_allreduce_busbw_gbs,19.3116
benchmark_vm_localhost.localdomain_20260618_032107.txt,kvm,lucas,20260618_032107,gpu_nccl_allgather_busbw_gbs,18.1424
benchmark_vm_localhost.localdomain_20260618_032107.txt,kvm,lucas,20260618_032107,gpu_nccl_sendrecv_busbw_gbs,9.34913
benchmark_vm_localhost.localdomain_20260618_134503.txt,kvm,ramalho,20260618_134503,cpu_bogo_ops_s_real,5296.28
benchmark_vm_localhost.localdomain_20260618_134503.txt,kvm,ramalho,20260618_134503,cpu_bogo_ops_s_cpu,335.41
benchmark_vm_localhost.localdomain_20260618_134503.txt,kvm,ramalho,20260618_134503,mem_bogo_ops_s_real,440971.91
benchmark_vm_localhost.localdomain_20260618_134503.txt,kvm,ramalho,20260618_134503,mem_bogo_ops_s_cpu,55836.31
benchmark_vm_localhost.localdomain_20260618_134503.txt,kvm,ramalho,20260618_134503,cache_bogo_ops_s_real,17592.72
benchmark_vm_localhost.localdomain_20260618_134503.txt,kvm,ramalho,20260618_134503,cache_bogo_ops_s_cpu,3917.2
benchmark_vm_localhost.localdomain_20260618_134503.txt,kvm,ramalho,20260618_134503,stream_copy_mbs,88881.5
benchmark_vm_localhost.localdomain_20260618_134503.txt,kvm,ramalho,20260618_134503,stream_scale_mbs,88659.9
benchmark_vm_localhost.localdomain_20260618_134503.txt,kvm,ramalho,20260618_134503,stream_add_mbs,90238.5
benchmark_vm_localhost.localdomain_20260618_134503.txt,kvm,ramalho,20260618_134503,stream_triad_mbs,91761.3
benchmark_vm_localhost.localdomain_20260618_134503.txt,kvm,ramalho,20260618_134503,disk_seqread_MiBs,494.0
benchmark_vm_localhost.localdomain_20260618_134503.txt,kvm,ramalho,20260618_134503,disk_seqwrite_MiBs,437.0
benchmark_vm_localhost.localdomain_20260618_134503.txt,kvm,ramalho,20260618_134503,disk_iops_randread,21000.0
benchmark_vm_localhost.localdomain_20260618_134503.txt,kvm,ramalho,20260618_134503,disk_iops_randwrite,9029.0
benchmark_vm_localhost.localdomain_20260618_134503.txt,kvm,ramalho,20260618_134503,disk_iops_qd1,1193.0
benchmark_vm_localhost.localdomain_20260618_134503.txt,kvm,ramalho,20260618_134503,disk_lat_avg_usec,820.28
benchmark_vm_localhost.localdomain_20260618_134503.txt,kvm,ramalho,20260618_134503,gpu_matrixmul_gflops,2997.8
benchmark_vm_localhost.localdomain_20260618_134503.txt,kvm,ramalho,20260618_134503,gpu_nccl_allreduce_busbw_gbs,19.7089
benchmark_vm_localhost.localdomain_20260618_134503.txt,kvm,ramalho,20260618_134503,gpu_nccl_allgather_busbw_gbs,18.0871
benchmark_vm_localhost.localdomain_20260618_134503.txt,kvm,ramalho,20260618_134503,gpu_nccl_sendrecv_busbw_gbs,9.62251
benchmark_vm_localhost.localdomain_20260618_135702.txt,kvm,ramalho,20260618_135702,cpu_bogo_ops_s_real,5364.66
benchmark_vm_localhost.localdomain_20260618_135702.txt,kvm,ramalho,20260618_135702,cpu_bogo_ops_s_cpu,335.35
benchmark_vm_localhost.localdomain_20260618_135702.txt,kvm,ramalho,20260618_135702,mem_bogo_ops_s_real,451324.4
benchmark_vm_localhost.localdomain_20260618_135702.txt,kvm,ramalho,20260618_135702,mem_bogo_ops_s_cpu,56417.7
benchmark_vm_localhost.localdomain_20260618_135702.txt,kvm,ramalho,20260618_135702,cache_bogo_ops_s_real,9750.36
benchmark_vm_localhost.localdomain_20260618_135702.txt,kvm,ramalho,20260618_135702,cache_bogo_ops_s_cpu,5746.3
benchmark_vm_localhost.localdomain_20260618_135702.txt,kvm,ramalho,20260618_135702,stream_copy_mbs,90147.1
benchmark_vm_localhost.localdomain_20260618_135702.txt,kvm,ramalho,20260618_135702,stream_scale_mbs,92418.9
benchmark_vm_localhost.localdomain_20260618_135702.txt,kvm,ramalho,20260618_135702,stream_add_mbs,81414.8
benchmark_vm_localhost.localdomain_20260618_135702.txt,kvm,ramalho,20260618_135702,stream_triad_mbs,82495.7
benchmark_vm_localhost.localdomain_20260618_135702.txt,kvm,ramalho,20260618_135702,disk_seqread_MiBs,513.0
benchmark_vm_localhost.localdomain_20260618_135702.txt,kvm,ramalho,20260618_135702,disk_seqwrite_MiBs,442.0
benchmark_vm_localhost.localdomain_20260618_135702.txt,kvm,ramalho,20260618_135702,disk_iops_randread,20800.0
benchmark_vm_localhost.localdomain_20260618_135702.txt,kvm,ramalho,20260618_135702,disk_iops_randwrite,8936.0
benchmark_vm_localhost.localdomain_20260618_135702.txt,kvm,ramalho,20260618_135702,disk_iops_qd1,719.0
benchmark_vm_localhost.localdomain_20260618_135702.txt,kvm,ramalho,20260618_135702,disk_lat_avg_usec,1371.98
benchmark_vm_localhost.localdomain_20260618_135702.txt,kvm,ramalho,20260618_135702,gpu_matrixmul_gflops,2970.662
benchmark_vm_localhost.localdomain_20260618_135702.txt,kvm,ramalho,20260618_135702,gpu_nccl_allreduce_busbw_gbs,19.6708
benchmark_vm_localhost.localdomain_20260618_135702.txt,kvm,ramalho,20260618_135702,gpu_nccl_allgather_busbw_gbs,18.086
benchmark_vm_localhost.localdomain_20260618_135702.txt,kvm,ramalho,20260618_135702,gpu_nccl_sendrecv_busbw_gbs,9.02806
benchmark_vm_localhost.localdomain_20260618_140854.txt,kvm,ramalho,20260618_140854,cpu_bogo_ops_s_real,5366.49
benchmark_vm_localhost.localdomain_20260618_140854.txt,kvm,ramalho,20260618_140854,cpu_bogo_ops_s_cpu,335.43
benchmark_vm_localhost.localdomain_20260618_140854.txt,kvm,ramalho,20260618_140854,mem_bogo_ops_s_real,471100.0
benchmark_vm_localhost.localdomain_20260618_140854.txt,kvm,ramalho,20260618_140854,mem_bogo_ops_s_cpu,58888.52
benchmark_vm_localhost.localdomain_20260618_140854.txt,kvm,ramalho,20260618_140854,cache_bogo_ops_s_real,12863.19
benchmark_vm_localhost.localdomain_20260618_140854.txt,kvm,ramalho,20260618_140854,cache_bogo_ops_s_cpu,4624.55
benchmark_vm_localhost.localdomain_20260618_140854.txt,kvm,ramalho,20260618_140854,stream_copy_mbs,80529.0
benchmark_vm_localhost.localdomain_20260618_140854.txt,kvm,ramalho,20260618_140854,stream_scale_mbs,85027.3
benchmark_vm_localhost.localdomain_20260618_140854.txt,kvm,ramalho,20260618_140854,stream_add_mbs,82016.8
benchmark_vm_localhost.localdomain_20260618_140854.txt,kvm,ramalho,20260618_140854,stream_triad_mbs,84280.3
benchmark_vm_localhost.localdomain_20260618_140854.txt,kvm,ramalho,20260618_140854,disk_seqread_MiBs,496.0
benchmark_vm_localhost.localdomain_20260618_140854.txt,kvm,ramalho,20260618_140854,disk_seqwrite_MiBs,436.0
benchmark_vm_localhost.localdomain_20260618_140854.txt,kvm,ramalho,20260618_140854,disk_iops_randread,22400.0
benchmark_vm_localhost.localdomain_20260618_140854.txt,kvm,ramalho,20260618_140854,disk_iops_randwrite,9634.0
benchmark_vm_localhost.localdomain_20260618_140854.txt,kvm,ramalho,20260618_140854,disk_iops_qd1,1713.0
benchmark_vm_localhost.localdomain_20260618_140854.txt,kvm,ramalho,20260618_140854,disk_lat_avg_usec,566.52
benchmark_vm_localhost.localdomain_20260618_140854.txt,kvm,ramalho,20260618_140854,gpu_matrixmul_gflops,2786.7380000000003
benchmark_vm_localhost.localdomain_20260618_140854.txt,kvm,ramalho,20260618_140854,gpu_nccl_allreduce_busbw_gbs,19.4578
benchmark_vm_localhost.localdomain_20260618_140854.txt,kvm,ramalho,20260618_140854,gpu_nccl_allgather_busbw_gbs,18.1008
benchmark_vm_localhost.localdomain_20260618_140854.txt,kvm,ramalho,20260618_140854,gpu_nccl_sendrecv_busbw_gbs,9.47014
benchmark_vm_localhost.localdomain_20260618_142055.txt,kvm,ramalho,20260618_142055,cpu_bogo_ops_s_real,5367.12
benchmark_vm_localhost.localdomain_20260618_142055.txt,kvm,ramalho,20260618_142055,cpu_bogo_ops_s_cpu,335.53
benchmark_vm_localhost.localdomain_20260618_142055.txt,kvm,ramalho,20260618_142055,mem_bogo_ops_s_real,469823.35
benchmark_vm_localhost.localdomain_20260618_142055.txt,kvm,ramalho,20260618_142055,mem_bogo_ops_s_cpu,58730.48
benchmark_vm_localhost.localdomain_20260618_142055.txt,kvm,ramalho,20260618_142055,cache_bogo_ops_s_real,9813.89
benchmark_vm_localhost.localdomain_20260618_142055.txt,kvm,ramalho,20260618_142055,cache_bogo_ops_s_cpu,5615.6
benchmark_vm_localhost.localdomain_20260618_142055.txt,kvm,ramalho,20260618_142055,stream_copy_mbs,84875.4
benchmark_vm_localhost.localdomain_20260618_142055.txt,kvm,ramalho,20260618_142055,stream_scale_mbs,93368.9
benchmark_vm_localhost.localdomain_20260618_142055.txt,kvm,ramalho,20260618_142055,stream_add_mbs,84930.0
benchmark_vm_localhost.localdomain_20260618_142055.txt,kvm,ramalho,20260618_142055,stream_triad_mbs,87663.8
benchmark_vm_localhost.localdomain_20260618_142055.txt,kvm,ramalho,20260618_142055,disk_seqread_MiBs,497.0
benchmark_vm_localhost.localdomain_20260618_142055.txt,kvm,ramalho,20260618_142055,disk_seqwrite_MiBs,435.0
benchmark_vm_localhost.localdomain_20260618_142055.txt,kvm,ramalho,20260618_142055,disk_iops_randread,25000.0
benchmark_vm_localhost.localdomain_20260618_142055.txt,kvm,ramalho,20260618_142055,disk_iops_randwrite,11200.0
benchmark_vm_localhost.localdomain_20260618_142055.txt,kvm,ramalho,20260618_142055,disk_iops_qd1,657.0
benchmark_vm_localhost.localdomain_20260618_142055.txt,kvm,ramalho,20260618_142055,disk_lat_avg_usec,1502.45
benchmark_vm_localhost.localdomain_20260618_142055.txt,kvm,ramalho,20260618_142055,gpu_matrixmul_gflops,3057.564
benchmark_vm_localhost.localdomain_20260618_142055.txt,kvm,ramalho,20260618_142055,gpu_nccl_allreduce_busbw_gbs,19.6757
benchmark_vm_localhost.localdomain_20260618_142055.txt,kvm,ramalho,20260618_142055,gpu_nccl_allgather_busbw_gbs,18.1277
benchmark_vm_localhost.localdomain_20260618_142055.txt,kvm,ramalho,20260618_142055,gpu_nccl_sendrecv_busbw_gbs,9.5701
benchmark_vm_localhost.localdomain_20260618_143249.txt,kvm,ramalho,20260618_143249,cpu_bogo_ops_s_real,5367.64
benchmark_vm_localhost.localdomain_20260618_143249.txt,kvm,ramalho,20260618_143249,cpu_bogo_ops_s_cpu,335.51
benchmark_vm_localhost.localdomain_20260618_143249.txt,kvm,ramalho,20260618_143249,mem_bogo_ops_s_real,466693.0
benchmark_vm_localhost.localdomain_20260618_143249.txt,kvm,ramalho,20260618_143249,mem_bogo_ops_s_cpu,58338.43
benchmark_vm_localhost.localdomain_20260618_143249.txt,kvm,ramalho,20260618_143249,cache_bogo_ops_s_real,11581.66
benchmark_vm_localhost.localdomain_20260618_143249.txt,kvm,ramalho,20260618_143249,cache_bogo_ops_s_cpu,5433.01
benchmark_vm_localhost.localdomain_20260618_143249.txt,kvm,ramalho,20260618_143249,stream_copy_mbs,84954.7
benchmark_vm_localhost.localdomain_20260618_143249.txt,kvm,ramalho,20260618_143249,stream_scale_mbs,88828.6
benchmark_vm_localhost.localdomain_20260618_143249.txt,kvm,ramalho,20260618_143249,stream_add_mbs,85163.5
benchmark_vm_localhost.localdomain_20260618_143249.txt,kvm,ramalho,20260618_143249,stream_triad_mbs,87506.7
benchmark_vm_localhost.localdomain_20260618_143249.txt,kvm,ramalho,20260618_143249,disk_seqread_MiBs,494.0
benchmark_vm_localhost.localdomain_20260618_143249.txt,kvm,ramalho,20260618_143249,disk_seqwrite_MiBs,438.0
benchmark_vm_localhost.localdomain_20260618_143249.txt,kvm,ramalho,20260618_143249,disk_iops_randread,24300.0
benchmark_vm_localhost.localdomain_20260618_143249.txt,kvm,ramalho,20260618_143249,disk_iops_randwrite,10500.0
benchmark_vm_localhost.localdomain_20260618_143249.txt,kvm,ramalho,20260618_143249,disk_iops_qd1,2145.0
benchmark_vm_localhost.localdomain_20260618_143249.txt,kvm,ramalho,20260618_143249,disk_lat_avg_usec,448.98
benchmark_vm_localhost.localdomain_20260618_143249.txt,kvm,ramalho,20260618_143249,gpu_matrixmul_gflops,3059.276
benchmark_vm_localhost.localdomain_20260618_143249.txt,kvm,ramalho,20260618_143249,gpu_nccl_allreduce_busbw_gbs,19.6341
benchmark_vm_localhost.localdomain_20260618_143249.txt,kvm,ramalho,20260618_143249,gpu_nccl_allgather_busbw_gbs,18.1582
benchmark_vm_localhost.localdomain_20260618_143249.txt,kvm,ramalho,20260618_143249,gpu_nccl_sendrecv_busbw_gbs,9.63826
benchmark_qemu_localhost.localdomain_20260627_051611.txt,qemu,gabrielly,20260627_051611,cpu_bogo_ops_s_real,292.39
benchmark_qemu_localhost.localdomain_20260627_051611.txt,qemu,gabrielly,20260627_051611,cpu_bogo_ops_s_cpu,18.28
benchmark_qemu_localhost.localdomain_20260627_051611.txt,qemu,gabrielly,20260627_051611,mem_bogo_ops_s_real,39755.05
benchmark_qemu_localhost.localdomain_20260627_051611.txt,qemu,gabrielly,20260627_051611,mem_bogo_ops_s_cpu,4970.25
benchmark_qemu_localhost.localdomain_20260627_051611.txt,qemu,gabrielly,20260627_051611,cache_bogo_ops_s_real,6590.11
benchmark_qemu_localhost.localdomain_20260627_051611.txt,qemu,gabrielly,20260627_051611,cache_bogo_ops_s_cpu,584.15
benchmark_qemu_localhost.localdomain_20260627_051611.txt,qemu,gabrielly,20260627_051611,disk_seqread_MiBs,484.0
benchmark_qemu_localhost.localdomain_20260627_051611.txt,qemu,gabrielly,20260627_051611,disk_seqwrite_MiBs,406.0
benchmark_qemu_localhost.localdomain_20260627_051611.txt,qemu,gabrielly,20260627_051611,disk_iops_randread,6674.0
benchmark_qemu_localhost.localdomain_20260627_051611.txt,qemu,gabrielly,20260627_051611,disk_iops_randwrite,2869.0
benchmark_qemu_localhost.localdomain_20260627_051611.txt,qemu,gabrielly,20260627_051611,disk_iops_qd1,1502.0
benchmark_qemu_localhost.localdomain_20260627_051611.txt,qemu,gabrielly,20260627_051611,disk_lat_avg_usec,508.22
benchmark_qemu_localhost.localdomain_20260627_045540.txt,qemu,gabrielly,20260627_045540,cpu_bogo_ops_s_real,330.38
benchmark_qemu_localhost.localdomain_20260627_045540.txt,qemu,gabrielly,20260627_045540,cpu_bogo_ops_s_cpu,20.65
benchmark_qemu_localhost.localdomain_20260627_045540.txt,qemu,gabrielly,20260627_045540,mem_bogo_ops_s_real,39716.54
benchmark_qemu_localhost.localdomain_20260627_045540.txt,qemu,gabrielly,20260627_045540,mem_bogo_ops_s_cpu,4964.74
benchmark_qemu_localhost.localdomain_20260627_045540.txt,qemu,gabrielly,20260627_045540,cache_bogo_ops_s_real,5593.74
benchmark_qemu_localhost.localdomain_20260627_045540.txt,qemu,gabrielly,20260627_045540,cache_bogo_ops_s_cpu,454.4
benchmark_qemu_localhost.localdomain_20260627_045540.txt,qemu,gabrielly,20260627_045540,disk_seqread_MiBs,487.0
benchmark_qemu_localhost.localdomain_20260627_045540.txt,qemu,gabrielly,20260627_045540,disk_seqwrite_MiBs,409.0
benchmark_qemu_localhost.localdomain_20260627_045540.txt,qemu,gabrielly,20260627_045540,disk_iops_randread,7454.0
benchmark_qemu_localhost.localdomain_20260627_045540.txt,qemu,gabrielly,20260627_045540,disk_iops_randwrite,3206.0
benchmark_qemu_localhost.localdomain_20260627_045540.txt,qemu,gabrielly,20260627_045540,disk_iops_qd1,922.0
benchmark_qemu_localhost.localdomain_20260627_045540.txt,qemu,gabrielly,20260627_045540,disk_lat_avg_usec,894.9
benchmark_qemu_localhost.localdomain_20260627_052628.txt,qemu,gabrielly,20260627_052628,cpu_bogo_ops_s_real,327.82
benchmark_qemu_localhost.localdomain_20260627_052628.txt,qemu,gabrielly,20260627_052628,cpu_bogo_ops_s_cpu,20.49
benchmark_qemu_localhost.localdomain_20260627_052628.txt,qemu,gabrielly,20260627_052628,mem_bogo_ops_s_real,39393.81
benchmark_qemu_localhost.localdomain_20260627_052628.txt,qemu,gabrielly,20260627_052628,mem_bogo_ops_s_cpu,4925.25
benchmark_qemu_localhost.localdomain_20260627_052628.txt,qemu,gabrielly,20260627_052628,cache_bogo_ops_s_real,8320.77
benchmark_qemu_localhost.localdomain_20260627_052628.txt,qemu,gabrielly,20260627_052628,cache_bogo_ops_s_cpu,638.2
benchmark_qemu_localhost.localdomain_20260627_052628.txt,qemu,gabrielly,20260627_052628,disk_seqread_MiBs,485.0
benchmark_qemu_localhost.localdomain_20260627_052628.txt,qemu,gabrielly,20260627_052628,disk_seqwrite_MiBs,423.0
benchmark_qemu_localhost.localdomain_20260627_052628.txt,qemu,gabrielly,20260627_052628,disk_iops_randread,6824.0
benchmark_qemu_localhost.localdomain_20260627_052628.txt,qemu,gabrielly,20260627_052628,disk_iops_randwrite,2932.0
benchmark_qemu_localhost.localdomain_20260627_052628.txt,qemu,gabrielly,20260627_052628,disk_iops_qd1,1444.0
benchmark_qemu_localhost.localdomain_20260627_052628.txt,qemu,gabrielly,20260627_052628,disk_lat_avg_usec,533.34
benchmark_qemu_localhost.localdomain_20260627_050557.txt,qemu,gabrielly,20260627_050557,cpu_bogo_ops_s_real,453.59
benchmark_qemu_localhost.localdomain_20260627_050557.txt,qemu,gabrielly,20260627_050557,cpu_bogo_ops_s_cpu,28.48
benchmark_qemu_localhost.localdomain_20260627_050557.txt,qemu,gabrielly,20260627_050557,mem_bogo_ops_s_real,39757.85
benchmark_qemu_localhost.localdomain_20260627_050557.txt,qemu,gabrielly,20260627_050557,mem_bogo_ops_s_cpu,4970.7
benchmark_qemu_localhost.localdomain_20260627_050557.txt,qemu,gabrielly,20260627_050557,cache_bogo_ops_s_real,5972.71
benchmark_qemu_localhost.localdomain_20260627_050557.txt,qemu,gabrielly,20260627_050557,cache_bogo_ops_s_cpu,453.6
benchmark_qemu_localhost.localdomain_20260627_050557.txt,qemu,gabrielly,20260627_050557,disk_seqread_MiBs,484.0
benchmark_qemu_localhost.localdomain_20260627_050557.txt,qemu,gabrielly,20260627_050557,disk_seqwrite_MiBs,430.0
benchmark_qemu_localhost.localdomain_20260627_050557.txt,qemu,gabrielly,20260627_050557,disk_iops_randread,7166.0
benchmark_qemu_localhost.localdomain_20260627_050557.txt,qemu,gabrielly,20260627_050557,disk_iops_randwrite,3080.0
benchmark_qemu_localhost.localdomain_20260627_050557.txt,qemu,gabrielly,20260627_050557,disk_iops_qd1,1450.0
benchmark_qemu_localhost.localdomain_20260627_050557.txt,qemu,gabrielly,20260627_050557,disk_lat_avg_usec,519.57
benchmark_qemu_localhost.localdomain_20260627_053646.txt,qemu,gabrielly,20260627_053646,cpu_bogo_ops_s_real,295.76
benchmark_qemu_localhost.localdomain_20260627_053646.txt,qemu,gabrielly,20260627_053646,cpu_bogo_ops_s_cpu,18.57
benchmark_qemu_localhost.localdomain_20260627_053646.txt,qemu,gabrielly,20260627_053646,mem_bogo_ops_s_real,39753.35
benchmark_qemu_localhost.localdomain_20260627_053646.txt,qemu,gabrielly,20260627_053646,mem_bogo_ops_s_cpu,4970.43
benchmark_qemu_localhost.localdomain_20260627_053646.txt,qemu,gabrielly,20260627_053646,cache_bogo_ops_s_real,8241.12
benchmark_qemu_localhost.localdomain_20260627_053646.txt,qemu,gabrielly,20260627_053646,cache_bogo_ops_s_cpu,690.06
benchmark_qemu_localhost.localdomain_20260627_053646.txt,qemu,gabrielly,20260627_053646,disk_seqread_MiBs,482.0
benchmark_qemu_localhost.localdomain_20260627_053646.txt,qemu,gabrielly,20260627_053646,disk_seqwrite_MiBs,413.0
benchmark_qemu_localhost.localdomain_20260627_053646.txt,qemu,gabrielly,20260627_053646,disk_iops_randread,6886.0
benchmark_qemu_localhost.localdomain_20260627_053646.txt,qemu,gabrielly,20260627_053646,disk_iops_randwrite,2958.0
benchmark_qemu_localhost.localdomain_20260627_053646.txt,qemu,gabrielly,20260627_053646,disk_iops_qd1,1162.0
benchmark_qemu_localhost.localdomain_20260627_053646.txt,qemu,gabrielly,20260627_053646,disk_lat_avg_usec,667.49
benchmark_qemu_localhost.localdomain_20260626_173251.txt,qemu,lucas,20260626_173251,cpu_bogo_ops_s_real,443.69
benchmark_qemu_localhost.localdomain_20260626_173251.txt,qemu,lucas,20260626_173251,cpu_bogo_ops_s_cpu,30.49
benchmark_qemu_localhost.localdomain_20260626_173251.txt,qemu,lucas,20260626_173251,mem_bogo_ops_s_real,39733.73
benchmark_qemu_localhost.localdomain_20260626_173251.txt,qemu,lucas,20260626_173251,mem_bogo_ops_s_cpu,4967.11
benchmark_qemu_localhost.localdomain_20260626_173251.txt,qemu,lucas,20260626_173251,cache_bogo_ops_s_real,6727.33
benchmark_qemu_localhost.localdomain_20260626_173251.txt,qemu,lucas,20260626_173251,cache_bogo_ops_s_cpu,573.78
benchmark_qemu_localhost.localdomain_20260626_173251.txt,qemu,lucas,20260626_173251,disk_seqread_MiBs,511.0
benchmark_qemu_localhost.localdomain_20260626_173251.txt,qemu,lucas,20260626_173251,disk_seqwrite_MiBs,434.0
benchmark_qemu_localhost.localdomain_20260626_173251.txt,qemu,lucas,20260626_173251,disk_iops_randread,7554.0
benchmark_qemu_localhost.localdomain_20260626_173251.txt,qemu,lucas,20260626_173251,disk_iops_randwrite,3247.0
benchmark_qemu_localhost.localdomain_20260626_173251.txt,qemu,lucas,20260626_173251,disk_iops_qd1,1485.0
benchmark_qemu_localhost.localdomain_20260626_173251.txt,qemu,lucas,20260626_173251,disk_lat_avg_usec,518.49
benchmark_qemu_localhost.localdomain_20260626_175421.txt,qemu,lucas,20260626_175421,cpu_bogo_ops_s_real,331.45
benchmark_qemu_localhost.localdomain_20260626_175421.txt,qemu,lucas,20260626_175421,cpu_bogo_ops_s_cpu,20.69
benchmark_qemu_localhost.localdomain_20260626_175421.txt,qemu,lucas,20260626_175421,mem_bogo_ops_s_real,39775.24
benchmark_qemu_localhost.localdomain_20260626_175421.txt,qemu,lucas,20260626_175421,mem_bogo_ops_s_cpu,4971.83
benchmark_qemu_localhost.localdomain_20260626_175421.txt,qemu,lucas,20260626_175421,cache_bogo_ops_s_real,5251.16
benchmark_qemu_localhost.localdomain_20260626_175421.txt,qemu,lucas,20260626_175421,cache_bogo_ops_s_cpu,433.16
benchmark_qemu_localhost.localdomain_20260626_175421.txt,qemu,lucas,20260626_175421,disk_seqread_MiBs,510.0
benchmark_qemu_localhost.localdomain_20260626_175421.txt,qemu,lucas,20260626_175421,disk_seqwrite_MiBs,455.0
benchmark_qemu_localhost.localdomain_20260626_175421.txt,qemu,lucas,20260626_175421,disk_iops_randread,7300.0
benchmark_qemu_localhost.localdomain_20260626_175421.txt,qemu,lucas,20260626_175421,disk_iops_randwrite,3137.0
benchmark_qemu_localhost.localdomain_20260626_175421.txt,qemu,lucas,20260626_175421,disk_iops_qd1,2034.0
benchmark_qemu_localhost.localdomain_20260626_175421.txt,qemu,lucas,20260626_175421,disk_lat_avg_usec,346.21
benchmark_qemu_localhost.localdomain_20260626_180507.txt,qemu,lucas,20260626_180507,cpu_bogo_ops_s_real,267.17
benchmark_qemu_localhost.localdomain_20260626_180507.txt,qemu,lucas,20260626_180507,cpu_bogo_ops_s_cpu,16.71
benchmark_qemu_localhost.localdomain_20260626_180507.txt,qemu,lucas,20260626_180507,mem_bogo_ops_s_real,39759.7
benchmark_qemu_localhost.localdomain_20260626_180507.txt,qemu,lucas,20260626_180507,mem_bogo_ops_s_cpu,4969.95
benchmark_qemu_localhost.localdomain_20260626_180507.txt,qemu,lucas,20260626_180507,cache_bogo_ops_s_real,6111.27
benchmark_qemu_localhost.localdomain_20260626_180507.txt,qemu,lucas,20260626_180507,cache_bogo_ops_s_cpu,465.93
benchmark_qemu_localhost.localdomain_20260626_180507.txt,qemu,lucas,20260626_180507,disk_seqread_MiBs,510.0
benchmark_qemu_localhost.localdomain_20260626_180507.txt,qemu,lucas,20260626_180507,disk_seqwrite_MiBs,427.0
benchmark_qemu_localhost.localdomain_20260626_180507.txt,qemu,lucas,20260626_180507,disk_iops_randread,6422.0
benchmark_qemu_localhost.localdomain_20260626_180507.txt,qemu,lucas,20260626_180507,disk_iops_randwrite,2762.0
benchmark_qemu_localhost.localdomain_20260626_180507.txt,qemu,lucas,20260626_180507,disk_iops_qd1,1167.0
benchmark_qemu_localhost.localdomain_20260626_180507.txt,qemu,lucas,20260626_180507,disk_lat_avg_usec,689.38
benchmark_qemu_localhost.localdomain_20260626_181547.txt,qemu,lucas,20260626_181547,cpu_bogo_ops_s_real,320.47
benchmark_qemu_localhost.localdomain_20260626_181547.txt,qemu,lucas,20260626_181547,cpu_bogo_ops_s_cpu,20.07
benchmark_qemu_localhost.localdomain_20260626_181547.txt,qemu,lucas,20260626_181547,mem_bogo_ops_s_real,39749.48
benchmark_qemu_localhost.localdomain_20260626_181547.txt,qemu,lucas,20260626_181547,mem_bogo_ops_s_cpu,4969.29
benchmark_qemu_localhost.localdomain_20260626_181547.txt,qemu,lucas,20260626_181547,cache_bogo_ops_s_real,8857.19
benchmark_qemu_localhost.localdomain_20260626_181547.txt,qemu,lucas,20260626_181547,cache_bogo_ops_s_cpu,678.9
benchmark_qemu_localhost.localdomain_20260626_181547.txt,qemu,lucas,20260626_181547,disk_seqread_MiBs,509.0
benchmark_qemu_localhost.localdomain_20260626_181547.txt,qemu,lucas,20260626_181547,disk_seqwrite_MiBs,415.0
benchmark_qemu_localhost.localdomain_20260626_181547.txt,qemu,lucas,20260626_181547,disk_iops_randread,6791.0
benchmark_qemu_localhost.localdomain_20260626_181547.txt,qemu,lucas,20260626_181547,disk_iops_randwrite,2917.0
benchmark_qemu_localhost.localdomain_20260626_181547.txt,qemu,lucas,20260626_181547,disk_iops_qd1,1497.0
benchmark_qemu_localhost.localdomain_20260626_181547.txt,qemu,lucas,20260626_181547,disk_lat_avg_usec,508.87
benchmark_qemu_localhost.localdomain_20260626_174337.txt,qemu,lucas,20260626_174337,cpu_bogo_ops_s_real,277.7
benchmark_qemu_localhost.localdomain_20260626_174337.txt,qemu,lucas,20260626_174337,cpu_bogo_ops_s_cpu,17.41
benchmark_qemu_localhost.localdomain_20260626_174337.txt,qemu,lucas,20260626_174337,mem_bogo_ops_s_real,39747.3
benchmark_qemu_localhost.localdomain_20260626_174337.txt,qemu,lucas,20260626_174337,mem_bogo_ops_s_cpu,4968.52
benchmark_qemu_localhost.localdomain_20260626_174337.txt,qemu,lucas,20260626_174337,cache_bogo_ops_s_real,6148.77
benchmark_qemu_localhost.localdomain_20260626_174337.txt,qemu,lucas,20260626_174337,cache_bogo_ops_s_cpu,468.73
benchmark_qemu_localhost.localdomain_20260626_174337.txt,qemu,lucas,20260626_174337,disk_seqread_MiBs,510.0
benchmark_qemu_localhost.localdomain_20260626_174337.txt,qemu,lucas,20260626_174337,disk_seqwrite_MiBs,442.0
benchmark_qemu_localhost.localdomain_20260626_174337.txt,qemu,lucas,20260626_174337,disk_iops_randread,6747.0
benchmark_qemu_localhost.localdomain_20260626_174337.txt,qemu,lucas,20260626_174337,disk_iops_randwrite,2899.0
benchmark_qemu_localhost.localdomain_20260626_174337.txt,qemu,lucas,20260626_174337,disk_iops_qd1,1515.0
benchmark_qemu_localhost.localdomain_20260626_174337.txt,qemu,lucas,20260626_174337,disk_lat_avg_usec,493.1
benchmark_qemu_localhost.localdomain_20260626_203644.txt,qemu,ramalho,20260626_203644,cpu_bogo_ops_s_real,500.9
benchmark_qemu_localhost.localdomain_20260626_203644.txt,qemu,ramalho,20260626_203644,cpu_bogo_ops_s_cpu,31.22
benchmark_qemu_localhost.localdomain_20260626_203644.txt,qemu,ramalho,20260626_203644,mem_bogo_ops_s_real,39714.25
benchmark_qemu_localhost.localdomain_20260626_203644.txt,qemu,ramalho,20260626_203644,mem_bogo_ops_s_cpu,4964.58
benchmark_qemu_localhost.localdomain_20260626_203644.txt,qemu,ramalho,20260626_203644,cache_bogo_ops_s_real,8924.76
benchmark_qemu_localhost.localdomain_20260626_203644.txt,qemu,ramalho,20260626_203644,cache_bogo_ops_s_cpu,665.98
benchmark_qemu_localhost.localdomain_20260626_203644.txt,qemu,ramalho,20260626_203644,disk_seqread_MiBs,510.0
benchmark_qemu_localhost.localdomain_20260626_203644.txt,qemu,ramalho,20260626_203644,disk_seqwrite_MiBs,409.0
benchmark_qemu_localhost.localdomain_20260626_203644.txt,qemu,ramalho,20260626_203644,disk_iops_randread,6946.0
benchmark_qemu_localhost.localdomain_20260626_203644.txt,qemu,ramalho,20260626_203644,disk_iops_randwrite,2984.0
benchmark_qemu_localhost.localdomain_20260626_203644.txt,qemu,ramalho,20260626_203644,disk_iops_qd1,1161.0
benchmark_qemu_localhost.localdomain_20260626_203644.txt,qemu,ramalho,20260626_203644,disk_lat_avg_usec,662.12
benchmark_qemu_localhost.localdomain_20260626_204734.txt,qemu,ramalho,20260626_204734,cpu_bogo_ops_s_real,323.14
benchmark_qemu_localhost.localdomain_20260626_204734.txt,qemu,ramalho,20260626_204734,cpu_bogo_ops_s_cpu,20.23
benchmark_qemu_localhost.localdomain_20260626_204734.txt,qemu,ramalho,20260626_204734,mem_bogo_ops_s_real,39760.01
benchmark_qemu_localhost.localdomain_20260626_204734.txt,qemu,ramalho,20260626_204734,mem_bogo_ops_s_cpu,4973.52
benchmark_qemu_localhost.localdomain_20260626_204734.txt,qemu,ramalho,20260626_204734,cache_bogo_ops_s_real,9005.35
benchmark_qemu_localhost.localdomain_20260626_204734.txt,qemu,ramalho,20260626_204734,cache_bogo_ops_s_cpu,667.16
benchmark_qemu_localhost.localdomain_20260626_204734.txt,qemu,ramalho,20260626_204734,disk_seqread_MiBs,487.0
benchmark_qemu_localhost.localdomain_20260626_204734.txt,qemu,ramalho,20260626_204734,disk_seqwrite_MiBs,425.0
benchmark_qemu_localhost.localdomain_20260626_204734.txt,qemu,ramalho,20260626_204734,disk_iops_randread,6556.0
benchmark_qemu_localhost.localdomain_20260626_204734.txt,qemu,ramalho,20260626_204734,disk_iops_randwrite,2816.0
benchmark_qemu_localhost.localdomain_20260626_204734.txt,qemu,ramalho,20260626_204734,disk_iops_qd1,1568.0
benchmark_qemu_localhost.localdomain_20260626_204734.txt,qemu,ramalho,20260626_204734,disk_lat_avg_usec,453.58
benchmark_qemu_localhost.localdomain_20260626_211948.txt,qemu,ramalho,20260626_211948,cpu_bogo_ops_s_real,253.19
benchmark_qemu_localhost.localdomain_20260626_211948.txt,qemu,ramalho,20260626_211948,cpu_bogo_ops_s_cpu,15.82
benchmark_qemu_localhost.localdomain_20260626_211948.txt,qemu,ramalho,20260626_211948,mem_bogo_ops_s_real,39782.73
benchmark_qemu_localhost.localdomain_20260626_211948.txt,qemu,ramalho,20260626_211948,mem_bogo_ops_s_cpu,4973.41
benchmark_qemu_localhost.localdomain_20260626_211948.txt,qemu,ramalho,20260626_211948,cache_bogo_ops_s_real,8915.66
benchmark_qemu_localhost.localdomain_20260626_211948.txt,qemu,ramalho,20260626_211948,cache_bogo_ops_s_cpu,670.32
benchmark_qemu_localhost.localdomain_20260626_211948.txt,qemu,ramalho,20260626_211948,disk_seqread_MiBs,508.0
benchmark_qemu_localhost.localdomain_20260626_211948.txt,qemu,ramalho,20260626_211948,disk_seqwrite_MiBs,431.0
benchmark_qemu_localhost.localdomain_20260626_211948.txt,qemu,ramalho,20260626_211948,disk_iops_randread,7095.0
benchmark_qemu_localhost.localdomain_20260626_211948.txt,qemu,ramalho,20260626_211948,disk_iops_randwrite,3050.0
benchmark_qemu_localhost.localdomain_20260626_211948.txt,qemu,ramalho,20260626_211948,disk_iops_qd1,1160.0
benchmark_qemu_localhost.localdomain_20260626_211948.txt,qemu,ramalho,20260626_211948,disk_lat_avg_usec,695.2
benchmark_qemu_localhost.localdomain_20260626_210906.txt,qemu,ramalho,20260626_210906,cpu_bogo_ops_s_real,320.03
benchmark_qemu_localhost.localdomain_20260626_210906.txt,qemu,ramalho,20260626_210906,cpu_bogo_ops_s_cpu,20.09
benchmark_qemu_localhost.localdomain_20260626_210906.txt,qemu,ramalho,20260626_210906,mem_bogo_ops_s_real,39763.63
benchmark_qemu_localhost.localdomain_20260626_210906.txt,qemu,ramalho,20260626_210906,mem_bogo_ops_s_cpu,4970.84
benchmark_qemu_localhost.localdomain_20260626_210906.txt,qemu,ramalho,20260626_210906,cache_bogo_ops_s_real,6111.28
benchmark_qemu_localhost.localdomain_20260626_210906.txt,qemu,ramalho,20260626_210906,cache_bogo_ops_s_cpu,448.99
benchmark_qemu_localhost.localdomain_20260626_210906.txt,qemu,ramalho,20260626_210906,disk_seqread_MiBs,510.0
benchmark_qemu_localhost.localdomain_20260626_210906.txt,qemu,ramalho,20260626_210906,disk_seqwrite_MiBs,426.0
benchmark_qemu_localhost.localdomain_20260626_210906.txt,qemu,ramalho,20260626_210906,disk_iops_randread,7580.0
benchmark_qemu_localhost.localdomain_20260626_210906.txt,qemu,ramalho,20260626_210906,disk_iops_randwrite,3258.0
benchmark_qemu_localhost.localdomain_20260626_210906.txt,qemu,ramalho,20260626_210906,disk_iops_qd1,1024.0
benchmark_qemu_localhost.localdomain_20260626_210906.txt,qemu,ramalho,20260626_210906,disk_lat_avg_usec,794.68
benchmark_qemu_localhost.localdomain_20260626_205816.txt,qemu,ramalho,20260626_205816,cpu_bogo_ops_s_real,481.21
benchmark_qemu_localhost.localdomain_20260626_205816.txt,qemu,ramalho,20260626_205816,cpu_bogo_ops_s_cpu,29.99
benchmark_qemu_localhost.localdomain_20260626_205816.txt,qemu,ramalho,20260626_205816,mem_bogo_ops_s_real,39708.12
benchmark_qemu_localhost.localdomain_20260626_205816.txt,qemu,ramalho,20260626_205816,mem_bogo_ops_s_cpu,4962.79
benchmark_qemu_localhost.localdomain_20260626_205816.txt,qemu,ramalho,20260626_205816,cache_bogo_ops_s_real,8849.3
benchmark_qemu_localhost.localdomain_20260626_205816.txt,qemu,ramalho,20260626_205816,cache_bogo_ops_s_cpu,647.94
benchmark_qemu_localhost.localdomain_20260626_205816.txt,qemu,ramalho,20260626_205816,disk_seqread_MiBs,511.0
benchmark_qemu_localhost.localdomain_20260626_205816.txt,qemu,ramalho,20260626_205816,disk_seqwrite_MiBs,427.0
benchmark_qemu_localhost.localdomain_20260626_205816.txt,qemu,ramalho,20260626_205816,disk_iops_randread,6767.0
benchmark_qemu_localhost.localdomain_20260626_205816.txt,qemu,ramalho,20260626_205816,disk_iops_randwrite,2908.0
benchmark_qemu_localhost.localdomain_20260626_205816.txt,qemu,ramalho,20260626_205816,disk_iops_qd1,1049.0
benchmark_qemu_localhost.localdomain_20260626_205816.txt,qemu,ramalho,20260626_205816,disk_lat_avg_usec,789.31
